datetime,y_true,raw_sensor_value,y_pred_calibrated,absolute_error
2005-01-27 15:00:00,125.0,881.0,124.91415,0.08585357666015625
2005-01-27 16:00:00,139.0,850.0,125.92522,13.074783325195312
2005-01-27 17:00:00,142.0,865.0,126.056854,15.943145751953125
2005-01-27 18:00:00,170.0,928.0,150.43112,19.568878173828125
2005-01-27 19:00:00,195.0,1025.0,170.07875,24.921249389648438
2005-01-27 20:00:00,202.0,1049.0,170.43967,31.560333251953125
2005-01-27 21:00:00,168.0,911.0,149.09666,18.903335571289062
2005-01-27 22:00:00,128.0,838.0,120.136765,7.8632354736328125
2005-01-27 23:00:00,115.0,855.0,118.83092,3.8309173583984375
2005-01-28 00:00:00,111.0,827.0,108.01663,2.983367919921875
2005-01-28 01:00:00,97.0,810.0,86.490425,10.509574890136719
2005-01-28 02:00:00,77.0,807.0,76.34722,0.6527786254882812
2005-01-28 04:00:00,51.0,779.0,56.226963,5.226963043212891
2005-01-28 05:00:00,49.0,781.0,50.73263,1.7326316833496094
2005-01-28 06:00:00,79.0,819.0,73.9422,5.05780029296875
2005-01-28 07:00:00,92.0,810.0,86.39657,5.603431701660156
2005-01-28 08:00:00,167.0,992.0,148.69212,18.307876586914062
2005-01-28 09:00:00,206.0,1055.0,170.9319,35.06809997558594
2005-01-28 10:00:00,184.0,966.0,152.56746,31.432540893554688
2005-01-28 11:00:00,176.0,975.0,142.3714,33.62860107421875
2005-01-28 12:00:00,191.0,941.0,137.38441,53.61558532714844
2005-01-28 13:00:00,147.0,925.0,133.45212,13.547882080078125
2005-01-28 14:00:00,174.0,997.0,159.97578,14.024215698242188
2005-01-28 15:00:00,167.0,920.0,130.6119,36.38810729980469
2005-01-28 16:00:00,138.0,860.0,117.4276,20.572402954101562
2005-01-29 02:00:00,60.0,745.0,47.401405,12.598594665527344
2005-01-29 04:00:00,34.0,737.0,30.379057,3.620943069458008
2005-01-29 05:00:00,31.0,734.0,28.184046,2.8159542083740234
2005-01-29 06:00:00,37.0,735.0,35.032413,1.9675865173339844
2005-01-29 07:00:00,58.0,754.0,54.11739,3.882610321044922
2005-01-29 08:00:00,92.0,814.0,86.69203,5.3079681396484375
2005-01-29 09:00:00,110.0,857.0,99.26426,10.735740661621094
2005-01-29 10:00:00,101.0,836.0,101.35853,0.35852813720703125
2005-01-29 11:00:00,96.0,833.0,103.81465,7.8146514892578125
2005-01-29 12:00:00,102.0,819.0,101.89029,0.109710693359375
2005-01-29 13:00:00,96.0,830.0,99.82901,3.829010009765625
2005-01-29 14:00:00,102.0,845.0,103.43912,1.439117431640625
2005-01-29 15:00:00,88.0,809.0,90.89149,2.8914871215820312
2005-01-29 16:00:00,87.0,817.0,96.96657,9.966567993164062
2005-01-29 17:00:00,115.0,855.0,106.59069,8.409309387207031
2005-01-29 18:00:00,118.0,847.0,107.56646,10.433540344238281
2005-01-29 19:00:00,134.0,844.0,111.90584,22.094161987304688
2005-01-29 20:00:00,125.0,861.0,113.56927,11.430732727050781
2005-01-29 21:00:00,140.0,849.0,112.22354,27.776458740234375
2005-01-29 22:00:00,83.0,791.0,82.61156,0.3884429931640625
2005-01-29 23:00:00,73.0,792.0,66.063545,6.936454772949219
2005-01-30 00:00:00,92.0,815.0,86.66739,5.332611083984375
2005-01-30 01:00:00,109.0,825.0,86.20465,22.79534912109375
2005-01-30 02:00:00,82.0,787.0,58.456184,23.54381561279297
2005-01-30 04:00:00,83.0,793.0,73.314705,9.685295104980469
2005-01-30 05:00:00,50.0,728.0,42.392353,7.607646942138672
2005-01-30 06:00:00,44.0,727.0,48.304,4.3040008544921875
2005-01-30 07:00:00,49.0,722.0,54.228676,5.228675842285156
2005-01-30 08:00:00,62.0,736.0,73.14312,11.143119812011719
2005-01-30 09:00:00,85.0,762.0,84.999916,8.392333984375e-05
2005-01-30 10:00:00,82.0,757.0,87.59009,5.590087890625
2005-01-30 11:00:00,77.0,765.0,86.37692,9.376922607421875
2005-01-30 12:00:00,92.0,776.0,87.30154,4.698463439941406
2005-01-30 13:00:00,95.0,760.0,74.23939,20.76061248779297
2005-01-30 14:00:00,95.0,742.0,81.638016,13.361984252929688
2005-01-30 15:00:00,76.0,717.0,72.93491,3.0650863647460938
2005-01-30 16:00:00,95.0,709.0,74.29665,20.703346252441406
2005-01-30 17:00:00,118.0,763.0,104.57583,13.424171447753906
2005-01-30 18:00:00,123.0,719.0,91.97492,31.02507781982422
2005-01-30 19:00:00,140.0,759.0,101.44305,38.55695343017578
2005-01-30 20:00:00,163.0,787.0,118.31612,44.68388366699219
2005-01-30 21:00:00,164.0,797.0,119.5763,44.42369842529297
2005-01-30 22:00:00,120.0,752.0,98.10148,21.898521423339844
2005-01-30 23:00:00,130.0,820.0,114.86137,15.138633728027344
2005-01-31 00:00:00,145.0,864.0,124.91677,20.083229064941406
2005-01-31 01:00:00,126.0,782.0,108.24627,17.75373077392578
2005-01-31 02:00:00,61.0,685.0,51.444107,9.555892944335938
2005-01-31 04:00:00,37.0,668.0,36.085716,0.9142837524414062
2005-01-31 05:00:00,37.0,667.0,37.64233,0.6423301696777344
2005-01-31 06:00:00,50.0,674.0,54.490814,4.490814208984375
2005-01-31 07:00:00,109.0,726.0,99.556046,9.443954467773438
2005-01-31 08:00:00,198.0,923.0,168.98116,29.018844604492188
2005-01-31 10:00:00,283.0,1141.0,210.95114,72.04885864257812
2005-01-31 11:00:00,256.0,1040.0,198.45515,57.54484558105469
2005-01-31 12:00:00,261.0,1028.0,189.58992,71.41007995605469
2005-01-31 13:00:00,181.0,983.0,181.35297,0.35296630859375
2005-01-31 14:00:00,194.0,976.0,172.36276,21.637237548828125
2005-01-31 15:00:00,214.0,1097.0,179.07782,34.92218017578125
2005-01-31 16:00:00,204.0,1131.0,177.4034,26.596603393554688
2005-01-31 17:00:00,228.0,1294.0,207.51546,20.484542846679688
2005-01-31 18:00:00,270.0,1433.0,208.74849,61.25151062011719
2005-01-31 19:00:00,285.0,1557.0,208.31232,76.68768310546875
2005-01-31 20:00:00,282.0,1532.0,202.99893,79.00106811523438
2005-01-31 21:00:00,235.0,1148.0,218.26707,16.732925415039062
2005-01-31 22:00:00,208.0,960.0,185.76791,22.232086181640625
2005-01-31 23:00:00,161.0,940.0,170.40057,9.40057373046875
2005-02-01 00:00:00,146.0,921.0,158.30095,12.300949096679688
2005-02-01 01:00:00,123.0,894.0,151.09637,28.09637451171875
2005-02-01 02:00:00,109.0,904.0,137.55998,28.559982299804688
2005-02-01 04:00:00,115.0,935.0,131.85239,16.852386474609375
2005-02-01 05:00:00,114.0,945.0,134.96228,20.9622802734375
2005-02-01 06:00:00,122.0,944.0,139.81262,17.8126220703125
2005-02-01 07:00:00,149.0,1056.0,152.49104,3.4910430908203125
2005-02-01 08:00:00,187.0,1441.0,181.79301,5.2069854736328125
2005-02-01 09:00:00,198.0,1492.0,195.06381,2.936187744140625
2005-02-01 10:00:00,196.0,1343.0,204.51085,8.510848999023438
2005-02-01 11:00:00,218.0,1434.0,198.06271,19.937286376953125
2005-02-01 12:00:00,227.0,1379.0,202.40788,24.592117309570312
2005-02-01 13:00:00,181.0,1408.0,210.45953,29.45953369140625
2005-02-01 14:00:00,179.0,1476.0,203.76491,24.764907836914062
2005-02-01 15:00:00,151.0,1411.0,199.47722,48.47721862792969
2005-02-01 16:00:00,162.0,1392.0,184.6631,22.663101196289062
2005-02-01 17:00:00,165.0,1434.0,199.32979,34.32978820800781
2005-02-01 18:00:00,173.0,1255.0,174.50096,1.5009613037109375
2005-02-01 19:00:00,188.0,1243.0,184.51942,3.4805755615234375
2005-02-01 20:00:00,186.0,1208.0,182.20126,3.798736572265625
2005-02-01 21:00:00,172.0,1059.0,176.192,4.1920013427734375
2005-02-01 22:00:00,150.0,966.0,162.58807,12.58807373046875
2005-02-01 23:00:00,137.0,969.0,139.18703,2.1870269775390625
2005-02-02 00:00:00,133.0,964.0,134.57303,1.573028564453125
2005-02-02 01:00:00,122.0,993.0,128.93564,6.935638427734375
2005-02-02 02:00:00,130.0,1065.0,139.23111,9.231109619140625
2005-02-02 04:00:00,121.0,986.0,116.50048,4.499519348144531
2005-02-02 05:00:00,115.0,920.0,114.28787,0.712127685546875
2005-02-02 06:00:00,125.0,946.0,126.48929,1.489288330078125
2005-02-02 07:00:00,136.0,941.0,126.96132,9.038681030273438
2005-02-02 08:00:00,174.0,1286.0,179.92157,5.92156982421875
2005-02-02 09:00:00,224.0,1638.0,189.34065,34.65934753417969
2005-02-02 10:00:00,230.0,1390.0,209.7659,20.234100341796875
2005-02-02 11:00:00,205.0,1236.0,199.04572,5.95428466796875
2005-02-02 12:00:00,204.0,1206.0,192.20032,11.7996826171875
2005-02-02 13:00:00,139.0,1000.0,166.12584,27.125839233398438
2005-02-02 14:00:00,133.0,979.0,164.37653,31.37652587890625
2005-02-02 15:00:00,127.0,930.0,158.4755,31.475494384765625
2005-02-02 16:00:00,124.0,960.0,160.891,36.89100646972656
2005-02-02 17:00:00,158.0,1092.0,181.05823,23.0582275390625
2005-02-02 18:00:00,171.0,1285.0,206.27805,35.278045654296875
2005-02-02 19:00:00,193.0,1527.0,209.83151,16.831512451171875
2005-02-02 20:00:00,195.0,1641.0,228.03096,33.03096008300781
2005-02-02 21:00:00,212.0,1195.0,212.7229,0.722900390625
2005-02-02 22:00:00,193.0,939.0,183.41853,9.581466674804688
2005-02-02 23:00:00,167.0,979.0,176.86006,9.860061645507812
2005-02-03 00:00:00,156.0,915.0,167.96034,11.960342407226562
2005-02-03 01:00:00,153.0,940.0,156.58298,3.582977294921875
2005-02-03 02:00:00,128.0,902.0,124.71988,3.280120849609375
2005-02-03 04:00:00,96.0,873.0,106.34634,10.346336364746094
2005-02-03 05:00:00,105.0,882.0,109.59261,4.592613220214844
2005-02-03 06:00:00,130.0,870.0,111.87921,18.12078857421875
2005-02-03 07:00:00,134.0,938.0,119.40052,14.599479675292969
2005-02-03 08:00:00,275.0,1352.0,174.60289,100.39710998535156
2005-02-03 09:00:00,309.0,1706.0,193.33426,115.66574096679688
2005-02-03 10:00:00,322.0,1425.0,220.99718,101.00282287597656
2005-02-03 11:00:00,333.0,1230.0,198.6554,134.3446044921875
2005-02-03 12:00:00,235.0,1084.0,176.67844,58.321563720703125
2005-02-03 13:00:00,241.0,1208.0,191.29523,49.70477294921875
2005-02-03 14:00:00,214.0,1255.0,176.29831,37.701690673828125
2005-02-03 15:00:00,174.0,1246.0,163.98389,10.01611328125
2005-02-03 16:00:00,157.0,1240.0,158.33403,1.3340301513671875
2005-02-03 17:00:00,170.0,1344.0,176.53134,6.531341552734375
2005-02-03 18:00:00,212.0,1870.0,227.62744,15.62744140625
2005-02-03 19:00:00,249.0,1758.0,221.3616,27.638397216796875
2005-02-03 20:00:00,231.0,1414.0,199.48438,31.515625
2005-02-03 21:00:00,216.0,1271.0,177.16382,38.836181640625
2005-02-03 22:00:00,217.0,1350.0,177.91565,39.0843505859375
2005-02-03 23:00:00,203.0,1149.0,142.78886,60.21113586425781
2005-02-04 00:00:00,161.0,1067.0,132.9422,28.05780029296875
2005-02-04 01:00:00,147.0,1030.0,122.26065,24.739349365234375
2005-02-04 02:00:00,111.0,954.0,103.2585,7.7415008544921875
2005-02-04 04:00:00,115.0,948.0,97.26321,17.736793518066406
2005-02-04 05:00:00,80.0,920.0,83.562584,3.5625839233398438
2005-02-04 06:00:00,122.0,988.0,104.6658,17.334197998046875
2005-02-04 07:00:00,186.0,1075.0,130.39613,55.60386657714844
2005-02-04 08:00:00,306.0,1472.0,172.00595,133.99404907226562
2005-02-04 09:00:00,301.0,1405.0,181.6837,119.31629943847656
2005-02-04 10:00:00,274.0,1325.0,184.95972,89.040283203125
2005-02-04 11:00:00,247.0,1277.0,184.78296,62.217041015625
2005-02-04 12:00:00,169.0,1028.0,143.31087,25.689132690429688
2005-02-04 13:00:00,138.0,994.0,139.27467,1.2746734619140625
2005-02-04 14:00:00,149.0,1085.0,146.56816,2.4318389892578125
2005-02-04 15:00:00,165.0,979.0,140.86705,24.132949829101562
2005-02-04 16:00:00,156.0,959.0,132.25745,23.7425537109375
2005-02-04 17:00:00,184.0,1018.0,156.6475,27.352493286132812
2005-02-04 18:00:00,197.0,1085.0,168.36394,28.636062622070312
2005-02-04 19:00:00,204.0,1169.0,173.12126,30.878738403320312
2005-02-04 20:00:00,207.0,1147.0,171.52379,35.47621154785156
2005-02-04 21:00:00,208.0,1102.0,172.96445,35.035552978515625
2005-02-04 22:00:00,174.0,958.0,147.7887,26.2113037109375
2005-02-04 23:00:00,157.0,946.0,134.1548,22.845199584960938
2005-02-05 00:00:00,166.0,947.0,132.36624,33.633758544921875
2005-02-05 01:00:00,167.0,952.0,138.8002,28.199798583984375
2005-02-05 02:00:00,154.0,939.0,122.455536,31.544464111328125
2005-02-05 04:00:00,164.0,1017.0,132.17876,31.821243286132812
2005-02-05 05:00:00,149.0,936.0,112.851425,36.14857482910156
2005-02-05 06:00:00,150.0,957.0,126.77679,23.22321319580078
2005-02-05 07:00:00,205.0,1021.0,145.00279,59.99720764160156
2005-02-05 08:00:00,283.0,1198.0,170.12947,112.87052917480469
2005-02-05 09:00:00,310.0,1134.0,178.30437,131.6956329345703
2005-02-05 10:00:00,200.0,890.0,147.66887,52.33113098144531
2005-02-05 11:00:00,147.0,847.0,124.071754,22.928245544433594
2005-02-05 12:00:00,128.0,838.0,115.821625,12.178375244140625
2005-02-05 13:00:00,121.0,880.0,113.49776,7.5022430419921875
2005-02-05 14:00:00,129.0,850.0,114.03207,14.967933654785156
2005-02-05 15:00:00,110.0,819.0,101.047516,8.952484130859375
2005-02-05 16:00:00,126.0,824.0,106.8096,19.190399169921875
2005-02-05 17:00:00,121.0,807.0,109.80958,11.190422058105469
2005-02-05 18:00:00,142.0,847.0,121.253136,20.746864318847656
2005-02-05 19:00:00,174.0,915.0,146.93353,27.06646728515625
2005-02-05 20:00:00,168.0,917.0,145.15726,22.842742919921875
2005-02-05 21:00:00,180.0,944.0,156.00807,23.991928100585938
2005-02-05 22:00:00,157.0,870.0,133.83275,23.167251586914062
2005-02-05 23:00:00,162.0,898.0,133.12724,28.872756958007812
2005-02-06 00:00:00,173.0,834.0,126.35879,46.641212463378906
2005-02-06 01:00:00,176.0,843.0,125.19174,50.808258056640625
2005-02-06 02:00:00,172.0,876.0,136.32434,35.6756591796875
2005-02-06 04:00:00,108.0,825.0,98.88317,9.116828918457031
2005-02-06 05:00:00,88.0,788.0,85.55428,2.4457168579101562
2005-02-06 06:00:00,85.0,774.0,82.80365,2.19635009765625
2005-02-06 07:00:00,88.0,787.0,88.41374,0.4137420654296875
2005-02-06 08:00:00,94.0,771.0,96.24011,2.2401123046875
2005-02-06 09:00:00,115.0,791.0,105.843094,9.156906127929688
2005-02-06 10:00:00,137.0,908.0,146.76015,9.760147094726562
2005-02-06 11:00:00,212.0,979.0,177.61502,34.384979248046875
2005-02-06 12:00:00,173.0,840.0,126.45133,46.548667907714844
2005-02-06 13:00:00,135.0,790.0,96.70984,38.2901611328125
2005-02-06 14:00:00,100.0,753.0,77.3486,22.651397705078125
2005-02-06 15:00:00,78.0,755.0,71.95581,6.044189453125
2005-02-06 16:00:00,100.0,789.0,94.620445,5.379554748535156
2005-02-06 17:00:00,150.0,832.0,109.860695,40.139305114746094
2005-02-06 18:00:00,142.0,819.0,109.22198,32.77802276611328
2005-02-06 19:00:00,165.0,875.0,131.8214,33.17860412597656
2005-02-06 20:00:00,179.0,892.0,143.07346,35.926544189453125
2005-02-06 21:00:00,149.0,805.0,126.82575,22.17424774169922
2005-02-06 22:00:00,126.0,782.0,116.5442,9.455802917480469
2005-02-06 23:00:00,120.0,782.0,112.65764,7.3423614501953125
2005-02-07 00:00:00,110.0,777.0,103.58372,6.416282653808594
2005-02-07 01:00:00,92.0,760.0,90.928345,1.0716552734375
2005-02-07 02:00:00,78.0,749.0,82.017494,4.017494201660156
2005-02-07 04:00:00,65.0,726.0,77.0454,12.045402526855469
2005-02-07 05:00:00,73.0,753.0,96.24897,23.24897003173828
2005-02-07 06:00:00,85.0,780.0,101.39909,16.399093627929688
2005-02-07 07:00:00,133.0,837.0,122.6999,10.300102233886719
2005-02-07 08:00:00,246.0,1037.0,190.1492,55.850799560546875
2005-02-07 09:00:00,281.0,1067.0,204.36163,76.63836669921875
2005-02-07 10:00:00,222.0,969.0,188.95071,33.049285888671875
2005-02-07 11:00:00,182.0,897.0,172.42738,9.572616577148438
2005-02-07 12:00:00,154.0,845.0,138.7693,15.230697631835938
2005-02-07 13:00:00,168.0,876.0,145.28275,22.717254638671875
2005-02-07 14:00:00,149.0,868.0,138.62854,10.3714599609375
2005-02-07 15:00:00,156.0,865.0,127.54551,28.454490661621094
2005-02-07 16:00:00,156.0,863.0,130.27306,25.726943969726562
2005-02-07 17:00:00,187.0,941.0,159.52408,27.475921630859375
2005-02-07 18:00:00,194.0,989.0,167.74998,26.250015258789062
2005-02-07 19:00:00,204.0,1025.0,169.8236,34.17640686035156
2005-02-07 20:00:00,174.0,1017.0,171.70985,2.2901458740234375
2005-02-07 21:00:00,154.0,906.0,151.15913,2.8408660888671875
2005-02-07 22:00:00,117.0,842.0,121.53799,4.537986755371094
2005-02-07 23:00:00,98.0,831.0,109.94171,11.94171142578125
2005-02-08 00:00:00,90.0,813.0,97.47161,7.471611022949219
2005-02-08 01:00:00,74.0,785.0,73.61835,0.38165283203125
2005-02-08 02:00:00,49.0,761.0,49.539074,0.5390739440917969
2005-02-08 04:00:00,54.0,782.0,55.526817,1.5268173217773438
2005-02-08 05:00:00,69.0,802.0,78.65532,9.655319213867188
2005-02-08 06:00:00,92.0,817.0,100.18904,8.189041137695312
2005-02-08 07:00:00,146.0,885.0,114.61412,31.385879516601562
2005-02-08 08:00:00,224.0,1120.0,170.79819,53.201812744140625
2005-02-08 09:00:00,253.0,1268.0,184.32811,68.67189025878906
2005-02-08 10:00:00,225.0,1022.0,187.49219,37.5078125
2005-02-08 11:00:00,180.0,996.0,159.95976,20.040237426757812
2005-02-08 12:00:00,194.0,979.0,168.5386,25.461395263671875
2005-02-08 13:00:00,158.0,959.0,154.36763,3.6323699951171875
2005-02-08 14:00:00,184.0,992.0,162.4748,21.52520751953125
2005-02-08 15:00:00,165.0,844.0,129.3084,35.69160461425781
2005-02-08 16:00:00,156.0,800.0,114.778946,41.22105407714844
2005-02-11 21:00:00,207.0,1400.0,187.50882,19.491180419921875
2005-02-11 22:00:00,213.0,1268.0,177.62535,35.37464904785156
2005-02-11 23:00:00,192.0,1279.0,181.43643,10.563568115234375
2005-02-12 00:00:00,211.0,1313.0,192.4038,18.596206665039062
2005-02-12 01:00:00,229.0,1274.0,191.3068,37.693206787109375
2005-02-12 02:00:00,216.0,1174.0,156.35231,59.64768981933594
2005-02-12 04:00:00,146.0,1065.0,132.81586,13.18414306640625
2005-02-12 05:00:00,136.0,1087.0,135.00926,0.9907379150390625
2005-02-12 06:00:00,156.0,1103.0,145.53378,10.466217041015625
2005-02-12 07:00:00,176.0,1144.0,165.24846,10.751541137695312
2005-02-12 08:00:00,224.0,1263.0,163.55821,60.44178771972656
2005-02-12 09:00:00,207.0,1290.0,175.01736,31.982635498046875
2005-02-12 10:00:00,221.0,1307.0,192.2096,28.7904052734375
2005-02-12 11:00:00,229.0,1382.0,206.66032,22.339675903320312
2005-02-12 12:00:00,208.0,1450.0,201.11386,6.886138916015625
2005-02-12 13:00:00,207.0,1488.0,200.0313,6.9687042236328125
2005-02-12 14:00:00,216.0,1448.0,199.48318,16.516815185546875
2005-02-12 15:00:00,224.0,1392.0,197.53369,26.46630859375
2005-02-12 16:00:00,225.0,1440.0,197.2552,27.744796752929688
2005-02-12 17:00:00,227.0,1435.0,194.10258,32.89741516113281
2005-02-12 18:00:00,248.0,1637.0,224.23392,23.766082763671875
2005-02-12 19:00:00,251.0,1659.0,233.6345,17.365493774414062
2005-02-12 20:00:00,265.0,1712.0,235.96756,29.032440185546875
2005-02-12 21:00:00,262.0,1609.0,236.72005,25.279953002929688
2005-02-12 22:00:00,241.0,1587.0,226.89574,14.104263305664062
2005-02-12 23:00:00,231.0,1543.0,213.11668,17.883316040039062
2005-02-13 00:00:00,229.0,1488.0,181.91779,47.08221435546875
2005-02-13 01:00:00,221.0,1541.0,147.98112,73.01887512207031
2005-02-13 02:00:00,180.0,1451.0,153.00725,26.992752075195312
2005-02-13 04:00:00,140.0,1430.0,138.79782,1.202178955078125
2005-02-13 05:00:00,153.0,1387.0,137.56306,15.436935424804688
2005-02-13 06:00:00,150.0,1348.0,143.28229,6.71771240234375
2005-02-13 07:00:00,145.0,1356.0,144.73338,0.2666168212890625
2005-02-13 08:00:00,149.0,1420.0,149.62251,0.6225128173828125
2005-02-13 09:00:00,155.0,1477.0,157.1885,2.188507080078125
2005-02-13 10:00:00,158.0,1473.0,175.55867,17.558670043945312
2005-02-13 11:00:00,188.0,1456.0,168.10997,19.890029907226562
2005-02-13 12:00:00,154.0,1310.0,128.54042,25.459579467773438
2005-02-13 13:00:00,107.0,1277.0,117.62166,10.621658325195312
2005-02-13 14:00:00,92.0,1278.0,112.51707,20.517066955566406
2005-02-13 15:00:00,106.0,1293.0,116.724464,10.724464416503906
2005-02-13 16:00:00,90.0,1109.0,85.09649,4.903511047363281
2005-02-13 17:00:00,100.0,1081.0,91.18146,8.81854248046875
2005-02-13 18:00:00,132.0,1388.0,132.61487,0.6148681640625
2005-02-13 19:00:00,211.0,1234.0,129.77652,81.22348022460938
2005-02-13 20:00:00,179.0,1198.0,129.25145,49.74855041503906
2005-02-13 21:00:00,116.0,1032.0,103.51265,12.487350463867188
2005-02-13 22:00:00,143.0,1137.0,131.67741,11.322586059570312
2005-02-13 23:00:00,142.0,1173.0,124.910835,17.08916473388672
2005-02-14 00:00:00,135.0,1158.0,113.437256,21.562744140625
2005-02-14 01:00:00,136.0,1182.0,108.65904,27.340957641601562
2005-02-14 02:00:00,109.0,1120.0,95.22214,13.777862548828125
2005-02-14 04:00:00,62.0,1024.0,65.78087,3.7808685302734375
2005-02-14 05:00:00,49.0,1024.0,59.022945,10.022945404052734
2005-02-14 06:00:00,81.0,1053.0,85.11176,4.111763000488281
2005-02-14 07:00:00,104.0,857.0,109.26282,5.2628173828125
2005-02-14 08:00:00,176.0,1257.0,155.96141,20.038589477539062
2005-02-14 09:00:00,193.0,1175.0,159.02435,33.97564697265625
2005-02-14 10:00:00,168.0,1043.0,153.59856,14.401443481445312
2005-02-14 11:00:00,123.0,1013.0,176.45131,53.45130920410156
2005-02-14 12:00:00,111.0,913.0,132.8808,21.88079833984375
2005-02-14 13:00:00,120.0,990.0,124.73173,4.731727600097656
2005-02-14 14:00:00,123.0,967.0,131.07121,8.071212768554688
2005-02-14 15:00:00,115.0,917.0,128.47746,13.477462768554688
2005-02-14 16:00:00,120.0,885.0,123.15345,3.1534500122070312
2005-02-14 17:00:00,140.0,901.0,133.88599,6.114013671875
2005-02-14 18:00:00,185.0,1044.0,167.2425,17.75750732421875
2005-02-14 19:00:00,212.0,1136.0,179.1232,32.876800537109375
2005-02-14 20:00:00,200.0,1018.0,178.90671,21.093292236328125
2005-02-14 21:00:00,191.0,928.0,169.31523,21.684768676757812
2005-02-14 22:00:00,169.0,878.0,152.89331,16.106689453125
2005-02-14 23:00:00,139.0,936.0,146.2261,7.226104736328125
2005-02-15 00:00:00,102.0,813.0,109.33456,7.334556579589844
2005-02-15 01:00:00,76.0,766.0,72.96226,3.0377426147460938
2005-02-15 02:00:00,56.0,740.0,54.250187,1.7498130798339844
2005-02-15 04:00:00,30.0,738.0,37.901863,7.901863098144531
2005-02-15 05:00:00,28.0,738.0,35.430553,7.430553436279297
2005-02-15 06:00:00,56.0,780.0,56.64385,0.6438484191894531
2005-02-15 07:00:00,94.0,834.0,109.64681,15.646812438964844
2005-02-15 08:00:00,196.0,979.0,176.90642,19.093582153320312
2005-02-15 09:00:00,220.0,1017.0,186.85693,33.14306640625
2005-02-15 10:00:00,168.0,905.0,152.85304,15.146957397460938
2005-02-15 11:00:00,133.0,776.0,109.99671,23.00328826904297
2005-02-15 12:00:00,134.0,801.0,115.453766,18.546234130859375
2005-02-15 13:00:00,138.0,837.0,126.60497,11.395027160644531
2005-02-15 14:00:00,135.0,792.0,117.97649,17.023513793945312
2005-02-15 15:00:00,111.0,741.0,96.1419,14.858100891113281
2005-02-15 16:00:00,124.0,840.0,121.420685,2.579315185546875
2005-02-15 17:00:00,158.0,901.0,141.3177,16.682296752929688
2005-02-15 18:00:00,181.0,1085.0,174.61996,6.380035400390625
2005-02-15 19:00:00,185.0,1132.0,185.46857,0.46856689453125
2005-02-15 20:00:00,187.0,1141.0,185.16676,1.8332366943359375
2005-02-15 21:00:00,196.0,1061.0,189.80782,6.1921844482421875
2005-02-15 22:00:00,174.0,953.0,181.40761,7.4076080322265625
2005-02-15 23:00:00,182.0,1015.0,180.2276,1.77239990234375
2005-02-16 00:00:00,182.0,999.0,188.12834,6.1283416748046875
2005-02-16 01:00:00,193.0,1078.0,183.37144,9.628555297851562
2005-02-16 02:00:00,174.0,1014.0,171.58371,2.416290283203125
2005-02-16 04:00:00,142.0,913.0,156.19412,14.194122314453125
2005-02-16 05:00:00,137.0,883.0,158.90811,21.908111572265625
2005-02-16 06:00:00,140.0,924.0,169.19168,29.191680908203125
2005-02-16 07:00:00,201.0,1052.0,177.8936,23.106399536132812
2005-02-16 08:00:00,288.0,1273.0,182.26459,105.73541259765625
2005-02-16 09:00:00,260.0,1211.0,200.80115,59.1988525390625
2005-02-16 10:00:00,206.0,1014.0,187.21236,18.787643432617188
2005-02-16 11:00:00,98.0,887.0,166.25826,68.25825500488281
2005-02-16 12:00:00,138.0,880.0,136.58496,1.4150390625
2005-02-16 13:00:00,139.0,948.0,165.58682,26.586822509765625
2005-02-16 14:00:00,137.0,939.0,154.14923,17.14923095703125
2005-02-16 15:00:00,155.0,942.0,159.21463,4.214630126953125
2005-02-16 16:00:00,155.0,967.0,159.2613,4.2613067626953125
2005-02-16 17:00:00,148.0,1010.0,163.29172,15.291717529296875
2005-02-16 18:00:00,153.0,1110.0,166.87766,13.877655029296875
2005-02-16 19:00:00,171.0,1300.0,180.77153,9.771530151367188
2005-02-16 20:00:00,227.0,1542.0,204.90755,22.092453002929688
2005-02-16 21:00:00,251.0,1294.0,188.83002,62.16998291015625
2005-02-16 22:00:00,216.0,1111.0,177.33502,38.66497802734375
2005-02-16 23:00:00,200.0,1016.0,168.52507,31.474929809570312
2005-02-17 00:00:00,192.0,1101.0,176.13113,15.868865966796875
2005-02-17 01:00:00,187.0,984.0,181.96472,5.0352783203125
2005-02-17 02:00:00,173.0,1024.0,178.41606,5.4160614013671875
2005-02-17 04:00:00,64.0,837.0,90.990524,26.990524291992188
2005-02-17 05:00:00,46.0,804.0,70.19202,24.1920166015625
2005-02-17 06:00:00,51.0,794.0,76.73619,25.736190795898438
2005-02-17 07:00:00,115.0,935.0,114.91851,0.08148956298828125
2005-02-17 08:00:00,238.0,1134.0,173.1479,64.85209655761719
2005-02-17 09:00:00,202.0,1152.0,176.9985,25.001495361328125
2005-02-17 10:00:00,167.0,969.0,155.7909,11.2091064453125
2005-02-17 11:00:00,139.0,913.0,135.72604,3.273956298828125
2005-02-17 12:00:00,147.0,944.0,140.66127,6.3387298583984375
2005-02-17 13:00:00,130.0,1003.0,143.51103,13.511032104492188
2005-02-17 14:00:00,143.0,1072.0,153.32605,10.3260498046875
2005-02-17 15:00:00,143.0,980.0,136.9103,6.0897064208984375
2005-02-17 16:00:00,136.0,972.0,137.80804,1.80804443359375
2005-02-17 17:00:00,143.0,982.0,144.1595,1.1595001220703125
2005-02-17 18:00:00,177.0,1160.0,160.99164,16.00836181640625
2005-02-17 19:00:00,198.0,1185.0,163.6806,34.31939697265625
2005-02-17 20:00:00,200.0,1246.0,169.08994,30.910064697265625
2005-02-17 21:00:00,191.0,1058.0,157.1455,33.85450744628906
2005-02-17 22:00:00,169.0,1016.0,148.7083,20.291702270507812
2005-02-17 23:00:00,106.0,883.0,109.48663,3.48663330078125
2005-02-18 00:00:00,105.0,910.0,96.27865,8.721351623535156
2005-02-18 01:00:00,130.0,905.0,102.773,27.22699737548828
2005-02-18 02:00:00,82.0,867.0,79.30918,2.6908187866210938
2005-02-18 04:00:00,45.0,803.0,45.042545,0.042545318603515625
2005-02-18 05:00:00,35.0,794.0,45.9135,10.913501739501953
2005-02-18 06:00:00,60.0,846.0,63.07259,3.072589874267578
2005-02-18 07:00:00,90.0,888.0,100.218445,10.21844482421875
2005-02-18 08:00:00,205.0,1115.0,149.7456,55.25439453125
2005-02-18 09:00:00,199.0,1174.0,166.98103,32.01896667480469
2005-02-18 10:00:00,153.0,1033.0,149.04488,3.9551239013671875
2005-02-18 11:00:00,163.0,964.0,133.51591,29.484085083007812
2005-02-18 12:00:00,152.0,952.0,124.66372,27.336280822753906
2005-02-18 13:00:00,146.0,953.0,128.56775,17.4322509765625
2005-02-18 14:00:00,146.0,971.0,144.52644,1.4735565185546875
2005-02-18 15:00:00,134.0,987.0,144.47694,10.476943969726562
2005-02-18 16:00:00,164.0,1045.0,156.2912,7.70880126953125
2005-02-18 17:00:00,141.0,1096.0,164.61269,23.612686157226562
2005-02-18 18:00:00,204.0,1187.0,172.04164,31.958358764648438
2005-02-18 19:00:00,210.0,1268.0,177.15489,32.84510803222656
2005-02-18 20:00:00,250.0,1333.0,178.56621,71.43379211425781
2005-02-18 21:00:00,202.0,1097.0,173.36023,28.6397705078125
2005-02-18 22:00:00,190.0,1111.0,168.51213,21.487869262695312
2005-02-18 23:00:00,236.0,1138.0,174.74182,61.2581787109375
2005-02-19 00:00:00,250.0,1023.0,157.44887,92.55113220214844
2005-02-19 01:00:00,219.0,997.0,154.54971,64.45028686523438
2005-02-19 02:00:00,156.0,913.0,119.53395,36.46604919433594
2005-02-19 04:00:00,98.0,860.0,92.094826,5.905174255371094
2005-02-19 05:00:00,89.0,867.0,87.95567,1.0443267822265625
2005-02-19 06:00:00,104.0,866.0,93.504395,10.49560546875
2005-02-19 07:00:00,148.0,941.0,115.88396,32.11604309082031
2005-02-19 08:00:00,194.0,1072.0,165.68262,28.3173828125
2005-02-19 09:00:00,231.0,1099.0,175.95831,55.04168701171875
2005-02-19 10:00:00,200.0,983.0,161.732,38.26800537109375
2005-02-19 11:00:00,217.0,1027.0,175.6741,41.325897216796875
2005-02-19 12:00:00,210.0,982.0,165.99115,44.00885009765625
2005-02-19 13:00:00,126.0,902.0,122.0113,3.9887008666992188
2005-02-19 14:00:00,118.0,937.0,109.25726,8.74273681640625
2005-02-19 15:00:00,114.0,901.0,97.79474,16.20526123046875
2005-02-19 16:00:00,117.0,911.0,105.67323,11.326766967773438
2005-02-19 17:00:00,140.0,969.0,137.98564,2.0143585205078125
2005-02-19 18:00:00,168.0,1057.0,152.75546,15.244537353515625
2005-02-19 19:00:00,202.0,1147.0,173.09691,28.903091430664062
2005-02-19 20:00:00,211.0,1203.0,182.37169,28.628311157226562
2005-02-19 21:00:00,231.0,1185.0,179.21228,51.7877197265625
2005-02-19 22:00:00,214.0,1141.0,176.26901,37.730987548828125
2005-02-19 23:00:00,181.0,1062.0,160.40208,20.597915649414062
2005-02-20 00:00:00,173.0,1083.0,152.15582,20.84417724609375
2005-02-20 01:00:00,169.0,1026.0,138.04572,30.95428466796875
2005-02-20 02:00:00,174.0,1124.0,147.30301,26.696990966796875
2005-02-20 04:00:00,130.0,993.0,124.76179,5.238212585449219
2005-02-20 05:00:00,72.0,894.0,76.664665,4.664665222167969
2005-02-20 06:00:00,40.0,881.0,52.779076,12.779075622558594
2005-02-20 07:00:00,56.0,905.0,65.359955,9.359954833984375
2005-02-20 08:00:00,81.0,919.0,86.77652,5.776519775390625
2005-02-20 09:00:00,81.0,919.0,95.00631,14.006309509277344
2005-02-20 10:00:00,88.0,947.0,100.42391,12.423912048339844
2005-02-20 11:00:00,94.0,946.0,95.99183,1.9918289184570312
2005-02-20 12:00:00,97.0,976.0,95.704834,1.295166015625
2005-02-20 13:00:00,112.0,1024.0,98.25113,13.748870849609375
2005-02-20 14:00:00,104.0,1007.0,90.06548,13.934516906738281
2005-02-20 15:00:00,107.0,1038.0,105.73206,1.2679367065429688
2005-02-20 16:00:00,114.0,1013.0,112.88244,1.1175613403320312
2005-02-20 17:00:00,115.0,996.0,108.545876,6.454124450683594
2005-02-20 18:00:00,127.0,1006.0,118.74574,8.254257202148438
2005-02-20 19:00:00,119.0,997.0,114.59581,4.4041900634765625
2005-02-20 20:00:00,149.0,1040.0,129.79839,19.201614379882812
2005-02-20 21:00:00,140.0,1001.0,122.89709,17.10291290283203
2005-02-20 22:00:00,105.0,965.0,108.915115,3.9151153564453125
2005-02-20 23:00:00,116.0,976.0,110.842125,5.157875061035156
2005-02-21 00:00:00,112.0,1010.0,94.029686,17.970314025878906
2005-02-21 01:00:00,80.0,948.0,79.61258,0.387420654296875
2005-02-21 02:00:00,59.0,936.0,54.56407,4.4359283447265625
2005-02-21 04:00:00,36.0,910.0,45.03823,9.038230895996094
2005-02-21 05:00:00,49.0,947.0,53.159378,4.1593780517578125
2005-02-21 06:00:00,63.0,1001.0,71.61515,8.615150451660156
2005-02-21 07:00:00,123.0,1129.0,97.10113,25.89887237548828
2005-02-21 08:00:00,164.0,1282.0,139.93903,24.06097412109375
2005-02-21 09:00:00,218.0,1375.0,156.2241,61.77589416503906
2005-02-21 10:00:00,254.0,1260.0,147.64561,106.35438537597656
2005-02-21 11:00:00,210.0,1196.0,131.7017,78.29829406738281
2005-02-21 12:00:00,208.0,1199.0,127.80722,80.19277954101562
2005-02-21 13:00:00,204.0,1303.0,141.11893,62.881072998046875
2005-02-21 14:00:00,172.0,1227.0,130.84651,41.15348815917969
2005-02-21 15:00:00,157.0,1184.0,128.53027,28.4697265625
2005-02-21 16:00:00,181.0,1272.0,136.68141,44.31858825683594
2005-02-21 17:00:00,194.0,1290.0,145.57639,48.423614501953125
2005-02-21 18:00:00,193.0,1281.0,133.04468,59.955322265625
2005-02-21 19:00:00,252.0,1682.0,172.91594,79.08406066894531
2005-02-21 20:00:00,283.0,1633.0,171.13686,111.86314392089844
2005-02-21 21:00:00,208.0,1194.0,138.4223,69.57769775390625
2005-02-21 22:00:00,143.0,1082.0,125.82685,17.17314910888672
2005-02-21 23:00:00,124.0,1046.0,102.23748,21.76251983642578
2005-02-22 00:00:00,89.0,1015.0,85.82828,3.171722412109375
2005-02-22 01:00:00,85.0,1032.0,78.08962,6.910377502441406
2005-02-22 02:00:00,66.0,963.0,61.65525,4.344749450683594
2005-02-22 04:00:00,46.0,918.0,37.651775,8.348224639892578
2005-02-22 05:00:00,60.0,956.0,58.133892,1.8661079406738281
2005-02-22 06:00:00,117.0,1035.0,85.0226,31.977401733398438
2005-02-22 07:00:00,178.0,1180.0,117.62866,60.371337890625
2005-02-22 08:00:00,295.0,1523.0,156.1973,138.80270385742188
2005-02-22 09:00:00,243.0,1789.0,175.75871,67.24128723144531
2005-02-22 10:00:00,255.0,1435.0,155.08551,99.91448974609375
2005-02-22 11:00:00,201.0,1140.0,135.3076,65.69239807128906
2005-02-22 12:00:00,208.0,1225.0,137.53615,70.46385192871094
2005-02-22 13:00:00,212.0,1282.0,139.63239,72.36761474609375
2005-02-22 14:00:00,238.0,1355.0,148.71605,89.28395080566406
2005-02-22 15:00:00,201.0,1245.0,131.60587,69.39413452148438
2005-02-22 16:00:00,218.0,1305.0,144.17809,73.82191467285156
2005-02-22 17:00:00,222.0,1177.0,129.8492,92.15080261230469
2005-02-22 18:00:00,206.0,1236.0,134.33969,71.66030883789062
2005-02-22 19:00:00,251.0,1335.0,151.49745,99.50254821777344
2005-02-22 20:00:00,190.0,1141.0,125.07204,64.92796325683594
2005-02-22 21:00:00,218.0,1201.0,132.88626,85.11373901367188
2005-02-22 22:00:00,150.0,1005.0,112.69603,37.30397033691406
2005-02-22 23:00:00,111.0,986.0,93.38642,17.61357879638672
2005-02-23 00:00:00,142.0,1050.0,110.9467,31.053298950195312
2005-02-23 01:00:00,119.0,1007.0,96.4493,22.550697326660156
2005-02-23 02:00:00,87.0,951.0,72.0204,14.979598999023438
2005-02-23 04:00:00,70.0,959.0,66.12536,3.8746414184570312
2005-02-23 05:00:00,68.0,894.0,55.93854,12.061458587646484
2005-02-23 06:00:00,66.0,912.0,51.77512,14.22488021850586
2005-02-23 07:00:00,117.0,994.0,86.50493,30.495071411132812
2005-02-23 08:00:00,197.0,1208.0,125.98162,71.01837921142578
2005-02-23 09:00:00,198.0,1114.0,133.7955,64.20449829101562
2005-02-23 10:00:00,167.0,1022.0,126.72249,40.27751159667969
2005-02-23 11:00:00,180.0,1004.0,132.25455,47.745452880859375
2005-02-23 12:00:00,169.0,1020.0,128.71843,40.28157043457031
2005-02-23 13:00:00,210.0,1192.0,136.93126,73.06874084472656
2005-02-23 14:00:00,232.0,1244.0,153.29929,78.70071411132812
2005-02-23 15:00:00,223.0,1243.0,143.59749,79.40251159667969
2005-02-23 16:00:00,224.0,1231.0,144.43488,79.56512451171875
2005-02-23 17:00:00,238.0,1254.0,152.71133,85.28866577148438
2005-02-23 18:00:00,249.0,1289.0,156.27446,92.72554016113281
2005-02-23 19:00:00,223.0,1317.0,158.39398,64.60601806640625
2005-02-23 20:00:00,244.0,1331.0,160.28217,83.71783447265625
2005-02-23 21:00:00,243.0,1264.0,156.16277,86.83723449707031
2005-02-23 22:00:00,226.0,1212.0,139.45218,86.54782104492188
2005-02-23 23:00:00,167.0,1053.0,118.517105,48.48289489746094
2005-02-24 00:00:00,172.0,1051.0,117.33619,54.66381072998047
2005-02-24 01:00:00,120.0,983.0,94.73577,25.26422882080078
2005-02-24 02:00:00,100.0,1023.0,84.508095,15.491905212402344
2005-02-24 04:00:00,86.0,960.0,66.9709,19.029098510742188
2005-02-24 05:00:00,81.0,962.0,65.90745,15.092552185058594
2005-02-24 06:00:00,131.0,1051.0,85.912766,45.08723449707031
2005-02-24 07:00:00,170.0,1146.0,105.709564,64.29043579101562
2005-02-24 08:00:00,267.0,1400.0,144.70381,122.29618835449219
2005-02-24 09:00:00,269.0,1439.0,140.26488,128.73512268066406
2005-02-24 10:00:00,244.0,1228.0,145.67558,98.32441711425781
2005-02-24 11:00:00,232.0,1142.0,144.01488,87.98512268066406
2005-02-24 12:00:00,196.0,1117.0,137.84259,58.15740966796875
2005-02-24 13:00:00,195.0,1206.0,128.94408,66.05592346191406
2005-02-24 14:00:00,189.0,1223.0,129.4236,59.57640075683594
2005-02-24 15:00:00,212.0,1299.0,147.0944,64.90559387207031
2005-02-24 16:00:00,267.0,1364.0,156.22426,110.77574157714844
2005-02-24 17:00:00,262.0,1388.0,160.90504,101.09495544433594
2005-02-24 18:00:00,270.0,1503.0,185.8894,84.110595703125
2005-02-24 19:00:00,260.0,1522.0,177.95615,82.04385375976562
2005-02-24 20:00:00,265.0,1492.0,177.75836,87.24163818359375
2005-02-24 21:00:00,262.0,1399.0,156.35344,105.64656066894531
2005-02-24 22:00:00,227.0,1218.0,139.06404,87.93595886230469
2005-02-24 23:00:00,192.0,1201.0,127.04075,64.9592514038086
2005-02-25 00:00:00,202.0,1215.0,125.64767,76.35233306884766
2005-02-25 01:00:00,189.0,1181.0,120.77727,68.22273254394531
2005-02-25 02:00:00,157.0,1127.0,111.39128,45.60871887207031
2005-02-25 04:00:00,97.0,1053.0,85.913795,11.086204528808594
2005-02-25 05:00:00,100.0,1025.0,78.33983,21.660171508789062
2005-02-25 06:00:00,146.0,1095.0,91.36005,54.63995361328125
2005-02-25 07:00:00,175.0,1161.0,110.71751,64.2824935913086
2005-02-25 10:00:00,190.0,1533.0,161.06851,28.931488037109375
2005-02-25 11:00:00,166.0,1324.0,152.24277,13.757232666015625
2005-02-25 12:00:00,153.0,1084.0,127.51495,25.48504638671875
2005-02-25 13:00:00,167.0,1122.0,134.23454,32.76545715332031
2005-02-25 14:00:00,137.0,1097.0,127.43593,9.564071655273438
2005-02-25 15:00:00,140.0,1067.0,124.13493,15.865066528320312
2005-02-25 16:00:00,150.0,1104.0,132.05252,17.947479248046875
2005-02-25 17:00:00,152.0,1124.0,140.85501,11.144989013671875
2005-02-25 18:00:00,177.0,1233.0,155.46423,21.5357666015625
2005-02-25 19:00:00,189.0,1229.0,162.1104,26.889602661132812
2005-02-25 20:00:00,195.0,1309.0,158.26462,36.735382080078125
2005-02-25 21:00:00,179.0,1098.0,139.44131,39.558685302734375
2005-02-25 22:00:00,188.0,1233.0,146.73238,41.26762390136719
2005-02-25 23:00:00,170.0,1193.0,143.14502,26.85498046875
2005-02-26 00:00:00,161.0,1133.0,142.78485,18.21514892578125
2005-02-26 01:00:00,145.0,1063.0,119.719406,25.280593872070312
2005-02-26 02:00:00,136.0,1063.0,110.71624,25.28376007080078
2005-02-26 04:00:00,122.0,1004.0,111.386345,10.613655090332031
2005-02-26 05:00:00,115.0,947.0,88.0816,26.91840362548828
2005-02-26 06:00:00,103.0,897.0,84.24442,18.755577087402344
2005-02-26 07:00:00,108.0,855.0,78.34348,29.656517028808594
2005-02-26 08:00:00,124.0,926.0,105.5841,18.41590118408203
2005-02-26 09:00:00,133.0,927.0,120.50861,12.491386413574219
2005-02-26 10:00:00,124.0,912.0,116.86478,7.135223388671875
2005-02-26 11:00:00,116.0,909.0,108.423935,7.5760650634765625
2005-02-26 12:00:00,113.0,939.0,112.10224,0.8977584838867188
2005-02-26 13:00:00,117.0,972.0,113.820915,3.1790847778320312
2005-02-26 14:00:00,118.0,953.0,113.60676,4.393241882324219
2005-02-26 15:00:00,108.0,906.0,98.07624,9.923759460449219
2005-02-26 16:00:00,98.0,911.0,98.90639,0.9063873291015625
2005-02-26 17:00:00,117.0,961.0,109.0613,7.938697814941406
2005-02-26 18:00:00,126.0,974.0,117.111336,8.888664245605469
2005-02-26 19:00:00,142.0,1008.0,126.7349,15.265098571777344
2005-02-26 20:00:00,157.0,1188.0,133.80461,23.195388793945312
2005-02-26 21:00:00,161.0,1106.0,137.03906,23.9609375
2005-02-26 22:00:00,169.0,1139.0,131.42331,37.576690673828125
2005-02-26 23:00:00,166.0,1224.0,140.1923,25.807693481445312
2005-02-27 00:00:00,189.0,1230.0,157.068,31.9320068359375
2005-02-27 01:00:00,184.0,1121.0,139.34778,44.6522216796875
2005-02-27 02:00:00,145.0,1004.0,109.10626,35.89373779296875
2005-02-27 04:00:00,119.0,979.0,103.61414,15.385856628417969
2005-02-27 05:00:00,87.0,915.0,78.49206,8.507942199707031
2005-02-27 06:00:00,77.0,949.0,89.553505,12.553504943847656
2005-02-27 07:00:00,112.0,955.0,92.547646,19.452354431152344
2005-02-27 08:00:00,118.0,949.0,110.677925,7.322074890136719
2005-02-27 09:00:00,124.0,956.0,113.37054,10.629463195800781
2005-02-27 10:00:00,144.0,1053.0,144.34262,0.342620849609375
2005-02-27 11:00:00,128.0,972.0,127.82463,0.1753692626953125
2005-02-27 12:00:00,120.0,884.0,108.80419,11.195808410644531
2005-02-27 13:00:00,131.0,868.0,114.42762,16.57238006591797
2005-02-27 14:00:00,115.0,804.0,102.35383,12.646171569824219
2005-02-27 15:00:00,82.0,803.0,96.27871,14.278709411621094
2005-02-27 16:00:00,100.0,807.0,101.41069,1.4106903076171875
2005-02-27 17:00:00,111.0,791.0,100.3186,10.681396484375
2005-02-27 18:00:00,132.0,822.0,107.16351,24.83648681640625
2005-02-27 19:00:00,155.0,884.0,125.87192,29.128082275390625
2005-02-27 20:00:00,181.0,955.0,154.28133,26.718673706054688
2005-02-27 21:00:00,155.0,826.0,113.53953,41.460472106933594
2005-02-27 22:00:00,105.0,793.0,83.685425,21.3145751953125
2005-02-27 23:00:00,119.0,870.0,111.867935,7.1320648193359375
2005-02-28 00:00:00,150.0,878.0,117.86309,32.13690948486328
2005-02-28 01:00:00,94.0,797.0,62.922386,31.077613830566406
2005-02-28 02:00:00,56.0,755.0,41.615955,14.384044647216797
2005-02-28 04:00:00,28.0,667.0,30.074896,2.0748958587646484
2005-02-28 05:00:00,25.0,669.0,27.88239,2.8823890686035156
2005-02-28 06:00:00,31.0,684.0,33.845905,2.845905303955078
2005-02-28 07:00:00,66.0,732.0,58.515068,7.484931945800781
2005-02-28 08:00:00,111.0,837.0,120.08522,9.085220336914062
2005-02-28 09:00:00,122.0,842.0,133.12044,11.120437622070312
2005-02-28 10:00:00,115.0,780.0,115.28053,0.2805328369140625
2005-02-28 11:00:00,123.0,744.0,99.342415,23.65758514404297
2005-02-28 12:00:00,119.0,726.0,87.26822,31.731781005859375
2005-02-28 13:00:00,125.0,757.0,105.677124,19.3228759765625
2005-02-28 14:00:00,110.0,731.0,105.758095,4.241905212402344
2005-02-28 15:00:00,111.0,673.0,84.489105,26.510894775390625
2005-02-28 16:00:00,114.0,699.0,83.07433,30.92566680908203
2005-02-28 17:00:00,114.0,716.0,85.60507,28.394927978515625
2005-02-28 18:00:00,140.0,858.0,147.14665,7.1466522216796875
2005-02-28 19:00:00,141.0,885.0,163.3488,22.348800659179688
2005-02-28 20:00:00,142.0,870.0,154.68248,12.682479858398438
2005-02-28 21:00:00,123.0,727.0,120.90333,2.0966720581054688
2005-02-28 22:00:00,90.0,655.0,78.34904,11.650962829589844
2005-02-28 23:00:00,79.0,621.0,67.96104,11.038963317871094
2005-03-01 00:00:00,69.0,642.0,53.236115,15.763885498046875
2005-03-01 01:00:00,60.0,640.0,43.898018,16.10198211669922
2005-03-01 02:00:00,37.0,602.0,33.536144,3.463855743408203
2005-03-01 04:00:00,27.0,551.0,30.072863,3.0728626251220703
2005-03-01 05:00:00,30.0,561.0,33.72582,3.725818634033203
2005-03-01 06:00:00,33.0,579.0,39.60099,6.600990295410156
2005-03-01 07:00:00,84.0,652.0,62.201023,21.79897689819336
2005-03-01 08:00:00,147.0,839.0,132.40382,14.596176147460938
2005-03-01 09:00:00,143.0,840.0,157.3746,14.374603271484375
2005-03-01 10:00:00,122.0,720.0,126.299225,4.299224853515625
2005-03-01 11:00:00,109.0,660.0,97.81787,11.18212890625
2005-03-01 12:00:00,95.0,647.0,80.68453,14.315467834472656
2005-03-01 13:00:00,94.0,684.0,81.3381,12.661903381347656
2005-03-01 14:00:00,102.0,709.0,103.393005,1.39300537109375
2005-03-01 15:00:00,107.0,701.0,92.96408,14.035919189453125
2005-03-01 16:00:00,113.0,710.0,101.698715,11.301284790039062
2005-03-01 17:00:00,110.0,708.0,91.18745,18.81255340576172
2005-03-01 18:00:00,116.0,815.0,127.17327,11.173271179199219
2005-03-01 19:00:00,148.0,887.0,149.00865,1.0086517333984375
2005-03-01 20:00:00,156.0,935.0,161.65836,5.658355712890625
2005-03-01 21:00:00,159.0,796.0,138.53514,20.464859008789062
2005-03-01 22:00:00,116.0,672.0,97.00448,18.995521545410156
2005-03-01 23:00:00,110.0,669.0,89.32918,20.670822143554688
2005-03-02 00:00:00,102.0,637.0,77.93467,24.065330505371094
2005-03-02 01:00:00,93.0,601.0,60.416737,32.5832633972168
2005-03-02 02:00:00,67.0,605.0,43.51097,23.489028930664062
2005-03-02 04:00:00,75.0,669.0,73.20289,1.7971115112304688
2005-03-02 05:00:00,73.0,698.0,93.56888,20.568878173828125
2005-03-02 06:00:00,96.0,722.0,93.472145,2.5278549194335938
2005-03-02 07:00:00,110.0,813.0,115.824936,5.8249359130859375
2005-03-02 08:00:00,150.0,1056.0,180.72829,30.728286743164062
2005-03-02 09:00:00,169.0,1072.0,189.14526,20.145263671875
2005-03-02 10:00:00,181.0,922.0,168.83519,12.164810180664062
2005-03-02 11:00:00,187.0,942.0,166.5089,20.491104125976562
2005-03-02 12:00:00,146.0,767.0,130.66383,15.336166381835938
2005-03-02 13:00:00,131.0,764.0,121.44135,9.558647155761719
2005-03-02 14:00:00,161.0,897.0,156.93088,4.069122314453125
2005-03-02 15:00:00,143.0,802.0,124.63828,18.361717224121094
2005-03-02 16:00:00,176.0,855.0,141.42737,34.5726318359375
2005-03-02 17:00:00,178.0,885.0,141.96968,36.03031921386719
2005-03-02 18:00:00,207.0,1126.0,179.48282,27.517181396484375
2005-03-02 19:00:00,240.0,1325.0,196.96939,43.030609130859375
2005-03-02 20:00:00,236.0,1282.0,204.1133,31.886703491210938
2005-03-02 21:00:00,199.0,1054.0,180.77364,18.226364135742188
2005-03-02 22:00:00,170.0,936.0,162.13007,7.86993408203125
2005-03-02 23:00:00,153.0,905.0,143.21957,9.780426025390625
2005-03-03 00:00:00,140.0,907.0,156.38077,16.380767822265625
2005-03-03 01:00:00,138.0,893.0,153.28244,15.282440185546875
2005-03-03 02:00:00,117.0,884.0,138.05373,21.053726196289062
2005-03-03 04:00:00,119.0,947.0,128.83308,9.833084106445312
2005-03-03 05:00:00,108.0,1001.0,113.53039,5.530387878417969
2005-03-03 06:00:00,121.0,1063.0,132.8642,11.86419677734375
2005-03-03 07:00:00,136.0,1120.0,128.90141,7.0985870361328125
2005-03-03 08:00:00,175.0,1422.0,172.49261,2.50738525390625
2005-03-03 09:00:00,211.0,1406.0,176.3674,34.632598876953125
2005-03-03 10:00:00,186.0,1069.0,179.21864,6.7813568115234375
2005-03-03 11:00:00,177.0,1155.0,139.87967,37.120330810546875
2005-03-03 12:00:00,147.0,1127.0,132.81717,14.182830810546875
2005-03-03 13:00:00,150.0,1088.0,129.35797,20.64202880859375
2005-03-03 14:00:00,148.0,1107.0,124.220795,23.779205322265625
2005-03-03 15:00:00,151.0,1115.0,127.77021,23.22978973388672
2005-03-03 16:00:00,151.0,1147.0,133.14775,17.852249145507812
2005-03-03 17:00:00,165.0,1252.0,134.27385,30.726150512695312
2005-03-03 18:00:00,197.0,1510.0,173.44725,23.552749633789062
2005-03-03 19:00:00,228.0,1539.0,182.47083,45.5291748046875
2005-03-03 20:00:00,196.0,1488.0,168.17574,27.824264526367188
2005-03-03 21:00:00,192.0,1331.0,158.24638,33.75361633300781
2005-03-03 22:00:00,161.0,1235.0,145.21133,15.788665771484375
2005-03-03 23:00:00,156.0,1205.0,121.954926,34.045074462890625
2005-03-04 00:00:00,158.0,1206.0,122.19171,35.80828857421875
2005-03-04 01:00:00,154.0,1173.0,120.651085,33.348915100097656
2005-03-04 02:00:00,138.0,1108.0,112.178154,25.82184600830078
2005-03-04 04:00:00,92.0,912.0,74.31527,17.684730529785156
2005-03-04 05:00:00,103.0,993.0,86.31184,16.68816375732422
2005-03-04 06:00:00,117.0,1049.0,105.59573,11.404266357421875
2005-03-04 07:00:00,139.0,1180.0,119.72955,19.27044677734375
2005-03-04 08:00:00,167.0,1497.0,152.29156,14.70843505859375
2005-03-04 09:00:00,205.0,1848.0,169.09743,35.90257263183594
2005-03-04 10:00:00,216.0,1432.0,163.34697,52.65303039550781
2005-03-04 11:00:00,192.0,1435.0,157.6174,34.382598876953125
2005-03-04 12:00:00,188.0,1399.0,167.16545,20.834548950195312
2005-03-04 13:00:00,189.0,1493.0,166.4851,22.514892578125
2005-03-04 14:00:00,192.0,1443.0,156.70815,35.29185485839844
2005-03-04 15:00:00,194.0,1411.0,154.79501,39.204986572265625
2005-03-04 16:00:00,217.0,1401.0,155.6726,61.327392578125
2005-03-04 17:00:00,178.0,1392.0,156.27945,21.720550537109375
2005-03-04 18:00:00,183.0,1327.0,149.40492,33.59507751464844
2005-03-04 19:00:00,189.0,1336.0,151.36386,37.636138916015625
2005-03-04 20:00:00,225.0,1479.0,161.27074,63.72926330566406
2005-03-04 21:00:00,175.0,1132.0,128.46114,46.53886413574219
2005-03-04 22:00:00,153.0,1049.0,116.734665,36.26533508300781
2005-03-04 23:00:00,156.0,1104.0,109.78745,46.212547302246094
2005-03-05 00:00:00,172.0,1070.0,112.79626,59.20374298095703
2005-03-05 01:00:00,164.0,1132.0,123.528564,40.471435546875
2005-03-05 02:00:00,157.0,989.0,96.834785,60.16521453857422
2005-03-05 04:00:00,136.0,974.0,99.715805,36.28419494628906
2005-03-05 05:00:00,110.0,948.0,83.23909,26.760910034179688
2005-03-05 06:00:00,128.0,989.0,95.805725,32.19427490234375
2005-03-05 07:00:00,132.0,866.0,73.768875,58.23112487792969
2005-03-05 08:00:00,156.0,1034.0,127.137726,28.862274169921875
2005-03-05 09:00:00,185.0,1112.0,141.58458,43.41542053222656
2005-03-05 10:00:00,121.0,866.0,99.02801,21.97199249267578
2005-03-05 11:00:00,117.0,955.0,105.4949,11.505096435546875
2005-03-05 12:00:00,133.0,929.0,107.1653,25.834701538085938
2005-03-05 13:00:00,136.0,998.0,123.41227,12.587730407714844
2005-03-05 14:00:00,162.0,1035.0,139.14034,22.859664916992188
2005-03-05 15:00:00,132.0,966.0,107.4697,24.530296325683594
2005-03-05 16:00:00,162.0,1015.0,135.26186,26.738143920898438
2005-03-05 17:00:00,159.0,1125.0,134.59695,24.403045654296875
2005-03-05 18:00:00,156.0,1176.0,120.785,35.214996337890625
2005-03-05 19:00:00,177.0,1205.0,125.56121,51.43878936767578
2005-03-05 20:00:00,185.0,1284.0,140.58379,44.41621398925781
2005-03-05 21:00:00,199.0,1255.0,130.99847,68.00152587890625
2005-03-05 22:00:00,166.0,1197.0,112.6743,53.32569885253906
2005-03-05 23:00:00,152.0,1171.0,110.236374,41.76362609863281
2005-03-06 00:00:00,170.0,1220.0,116.81884,53.18115997314453
2005-03-06 01:00:00,160.0,998.0,97.08261,62.917388916015625
2005-03-06 02:00:00,100.0,826.0,61.74866,38.251338958740234
2005-03-06 04:00:00,57.0,810.0,37.09716,19.90283966064453
2005-03-06 05:00:00,48.0,822.0,32.0746,15.925399780273438
2005-03-06 06:00:00,32.0,788.0,29.154606,2.8453941345214844
2005-03-06 07:00:00,72.0,833.0,47.434776,24.565223693847656
2005-03-06 08:00:00,86.0,818.0,56.82686,29.173141479492188
2005-03-06 09:00:00,79.0,829.0,61.361668,17.63833236694336
2005-03-06 10:00:00,87.0,783.0,62.93159,24.068408966064453
2005-03-06 11:00:00,85.0,792.0,69.57566,15.424339294433594
2005-03-06 12:00:00,97.0,782.0,83.8854,13.114601135253906
2005-03-06 13:00:00,96.0,787.0,84.9573,11.042701721191406
2005-03-06 14:00:00,113.0,990.0,98.24588,14.754119873046875
2005-03-06 15:00:00,163.0,1210.0,156.04596,6.95404052734375
2005-03-06 16:00:00,146.0,850.0,95.89714,50.10285949707031
2005-03-06 17:00:00,167.0,916.0,116.05685,50.943153381347656
2005-03-06 18:00:00,162.0,1036.0,151.1979,10.802093505859375
2005-03-06 19:00:00,194.0,942.0,151.65466,42.3453369140625
2005-03-06 20:00:00,185.0,926.0,132.58177,52.41822814941406
2005-03-06 21:00:00,158.0,905.0,122.5441,35.455902099609375
2005-03-06 22:00:00,156.0,891.0,117.70994,38.290061950683594
2005-03-06 23:00:00,157.0,903.0,121.388084,35.611915588378906
2005-03-07 00:00:00,141.0,836.0,102.887215,38.11278533935547
2005-03-07 01:00:00,116.0,848.0,88.3504,27.64959716796875
2005-03-07 02:00:00,84.0,785.0,63.68068,20.319320678710938
2005-03-07 04:00:00,34.0,730.0,30.540812,3.459188461303711
2005-03-07 05:00:00,45.0,755.0,39.128387,5.871612548828125
2005-03-07 06:00:00,59.0,753.0,47.803024,11.196975708007812
2005-03-07 07:00:00,99.0,827.0,75.61412,23.385879516601562
2005-03-07 08:00:00,165.0,941.0,129.78218,35.21781921386719
2005-03-07 09:00:00,168.0,978.0,161.64247,6.3575286865234375
2005-03-07 10:00:00,169.0,910.0,155.01698,13.983016967773438
2005-03-07 11:00:00,162.0,811.0,131.38358,30.616424560546875
2005-03-07 12:00:00,155.0,799.0,119.54934,35.450660705566406
2005-03-07 13:00:00,136.0,779.0,111.250854,24.7491455078125
2005-03-07 14:00:00,124.0,788.0,112.358185,11.641815185546875
2005-03-07 15:00:00,158.0,805.0,122.07247,35.927528381347656
2005-03-07 16:00:00,167.0,819.0,129.49301,37.506988525390625
2005-03-07 17:00:00,176.0,888.0,137.18344,38.816558837890625
2005-03-07 18:00:00,204.0,985.0,161.45465,42.54534912109375
2005-03-07 19:00:00,209.0,1148.0,175.6568,33.34320068359375
2005-03-07 20:00:00,224.0,1137.0,173.9642,50.035797119140625
2005-03-07 21:00:00,211.0,982.0,164.97394,46.02606201171875
2005-03-07 22:00:00,174.0,865.0,138.48953,35.510467529296875
2005-03-07 23:00:00,181.0,924.0,144.18495,36.81504821777344
2005-03-08 00:00:00,157.0,868.0,134.34447,22.655532836914062
2005-03-08 01:00:00,154.0,918.0,148.05759,5.942413330078125
2005-03-08 02:00:00,147.0,851.0,125.04336,21.956642150878906
2005-03-08 04:00:00,101.0,807.0,93.53909,7.460906982421875
2005-03-08 05:00:00,114.0,820.0,90.327965,23.672035217285156
2005-03-08 06:00:00,134.0,846.0,102.48437,31.51563262939453
2005-03-08 07:00:00,144.0,931.0,133.40689,10.593109130859375
2005-03-08 08:00:00,182.0,1360.0,178.21014,3.78985595703125
2005-03-08 09:00:00,223.0,1599.0,180.42105,42.578948974609375
2005-03-08 10:00:00,219.0,1265.0,202.79854,16.201461791992188
2005-03-08 11:00:00,215.0,1091.0,191.03735,23.962646484375
2005-03-08 12:00:00,191.0,864.0,152.81332,38.186676025390625
2005-03-08 13:00:00,162.0,882.0,149.43964,12.56036376953125
2005-03-08 14:00:00,165.0,988.0,160.2178,4.782196044921875
2005-03-08 15:00:00,171.0,920.0,146.21625,24.78375244140625
2005-03-08 16:00:00,164.0,926.0,150.17274,13.827255249023438
2005-03-08 17:00:00,168.0,957.0,148.43976,19.56024169921875
2005-03-08 18:00:00,204.0,1222.0,172.99657,31.003433227539062
2005-03-08 19:00:00,242.0,1499.0,207.4936,34.50639343261719
2005-03-08 20:00:00,246.0,1531.0,200.41719,45.58280944824219
2005-03-08 21:00:00,215.0,1198.0,167.93192,47.068084716796875
2005-03-08 22:00:00,206.0,1055.0,153.35854,52.64146423339844
2005-03-08 23:00:00,167.0,954.0,137.74825,29.251754760742188
2005-03-09 00:00:00,145.0,949.0,134.8277,10.17230224609375
2005-03-09 01:00:00,133.0,927.0,130.6506,2.349395751953125
2005-03-09 02:00:00,117.0,887.0,115.250275,1.749725341796875
2005-03-09 04:00:00,90.0,893.0,79.08525,10.914749145507812
2005-03-09 05:00:00,112.0,909.0,93.076065,18.923934936523438
2005-03-09 06:00:00,120.0,959.0,109.74309,10.256912231445312
2005-03-09 07:00:00,141.0,1061.0,132.80151,8.198486328125
2005-03-09 08:00:00,190.0,1497.0,166.38763,23.61236572265625
2005-03-09 09:00:00,215.0,1685.0,177.3777,37.62229919433594
2005-03-09 10:00:00,215.0,1375.0,196.9045,18.095504760742188
2005-03-09 11:00:00,235.0,1261.0,192.92563,42.074371337890625
2005-03-09 12:00:00,194.0,1198.0,161.17984,32.820159912109375
2005-03-09 13:00:00,159.0,1305.0,144.41817,14.581832885742188
2005-03-09 14:00:00,123.0,1292.0,134.47661,11.476608276367188
2005-03-09 15:00:00,121.0,1216.0,128.1134,7.1134033203125
2005-03-09 16:00:00,102.0,1189.0,121.97174,19.97174072265625
2005-03-09 17:00:00,114.0,1271.0,137.84827,23.8482666015625
2005-03-09 18:00:00,168.0,1520.0,182.79677,14.796768188476562
2005-03-09 19:00:00,207.0,1747.0,192.30225,14.69775390625
2005-03-09 20:00:00,199.0,1724.0,188.13005,10.869949340820312
2005-03-09 21:00:00,192.0,1606.0,178.24599,13.754013061523438
2005-03-09 22:00:00,148.0,1181.0,126.80743,21.19257354736328
2005-03-09 23:00:00,137.0,1161.0,122.18768,14.81231689453125
2005-03-10 00:00:00,123.0,1130.0,116.60027,6.399726867675781
2005-03-10 01:00:00,109.0,1070.0,111.08194,2.081939697265625
2005-03-10 02:00:00,98.0,1067.0,104.47273,6.4727325439453125
2005-03-10 04:00:00,94.0,1034.0,96.11054,2.1105422973632812
2005-03-10 05:00:00,95.0,1020.0,93.05223,1.9477691650390625
2005-03-10 06:00:00,101.0,1020.0,97.05493,3.945068359375
2005-03-10 07:00:00,100.0,1143.0,111.96525,11.965248107910156
2005-03-10 08:00:00,150.0,1606.0,171.53943,21.5394287109375
2005-03-10 09:00:00,168.0,1620.0,173.06009,5.060089111328125
2005-03-10 10:00:00,199.0,1372.0,174.86975,24.1302490234375
2005-03-10 11:00:00,168.0,1308.0,165.54648,2.453521728515625
2005-03-10 12:00:00,161.0,1258.0,150.20511,10.794891357421875
2005-03-10 14:00:00,145.0,1082.0,158.70956,13.709564208984375
2005-03-10 15:00:00,148.0,1016.0,148.62328,0.6232757568359375
2005-03-10 16:00:00,131.0,901.0,117.16001,13.839988708496094
2005-03-10 17:00:00,137.0,1022.0,145.61894,8.618942260742188
2005-03-10 18:00:00,163.0,1186.0,160.5147,2.4853057861328125
2005-03-10 19:00:00,219.0,1295.0,178.4138,40.58619689941406
2005-03-10 20:00:00,245.0,1458.0,197.21669,47.78330993652344
2005-03-10 21:00:00,229.0,1233.0,185.51897,43.48103332519531
2005-03-10 22:00:00,184.0,985.0,164.37221,19.627792358398438
2005-03-10 23:00:00,151.0,922.0,138.0359,12.964096069335938
2005-03-11 00:00:00,133.0,949.0,143.54573,10.545730590820312
2005-03-11 01:00:00,135.0,936.0,135.42522,0.4252166748046875
2005-03-11 02:00:00,111.0,887.0,120.567085,9.567085266113281
2005-03-11 03:00:00,90.0,864.0,91.175735,1.1757354736328125
2005-03-11 04:00:00,91.0,912.0,84.55824,6.4417572021484375
2005-03-11 05:00:00,89.0,870.0,83.787674,5.2123260498046875
2005-03-11 06:00:00,89.0,908.0,83.43641,5.563591003417969
2005-03-11 07:00:00,117.0,957.0,112.077965,4.922035217285156
2005-03-11 08:00:00,141.0,1279.0,163.05081,22.050811767578125
2005-03-11 09:00:00,189.0,1581.0,174.40442,14.5955810546875
2005-03-11 10:00:00,211.0,1399.0,188.8595,22.1405029296875
2005-03-11 12:00:00,162.0,1162.0,146.48048,15.519515991210938
2005-03-11 13:00:00,172.0,1297.0,142.72499,29.275009155273438
2005-03-11 14:00:00,182.0,1404.0,144.34372,37.656280517578125
2005-03-11 15:00:00,180.0,1319.0,139.69806,40.30194091796875
2005-03-11 16:00:00,156.0,1252.0,130.41411,25.585891723632812
2005-03-11 17:00:00,168.0,1211.0,126.552666,41.44733428955078
2005-03-11 18:00:00,181.0,1349.0,136.44522,44.554779052734375
2005-03-11 19:00:00,226.0,1661.0,178.56345,47.436553955078125
2005-03-11 20:00:00,231.0,1640.0,177.96324,53.03675842285156
2005-03-11 21:00:00,222.0,1350.0,146.14384,75.85615539550781
2005-03-11 22:00:00,165.0,1146.0,120.63215,44.36785125732422
2005-03-11 23:00:00,151.0,1156.0,115.23115,35.76885223388672
2005-03-12 00:00:00,174.0,1157.0,108.96928,65.03072357177734
2005-03-12 01:00:00,145.0,1077.0,99.82003,45.179969787597656
2005-03-12 02:00:00,147.0,1113.0,100.82962,46.170379638671875
2005-03-12 03:00:00,134.0,1113.0,93.267296,40.732704162597656
2005-03-12 04:00:00,85.0,1027.0,67.880875,17.119125366210938
2005-03-12 05:00:00,55.0,1039.0,56.80437,1.8043708801269531
2005-03-12 06:00:00,65.0,1056.0,51.106297,13.89370346069336
2005-03-12 07:00:00,84.0,1074.0,67.716835,16.283164978027344
2005-03-12 08:00:00,88.0,1137.0,73.73571,14.264289855957031
2005-03-12 09:00:00,109.0,1209.0,102.774254,6.225746154785156
2005-03-12 10:00:00,130.0,1184.0,104.96345,25.03655242919922
2005-03-12 11:00:00,137.0,1206.0,110.59806,26.401939392089844
2005-03-12 12:00:00,145.0,1177.0,102.181244,42.818756103515625
2005-03-12 13:00:00,128.0,1105.0,83.863945,44.13605499267578
2005-03-12 14:00:00,129.0,1167.0,101.27982,27.720176696777344
2005-03-12 15:00:00,105.0,1042.0,81.094894,23.905105590820312
2005-03-12 16:00:00,114.0,1115.0,94.564186,19.435813903808594
2005-03-12 17:00:00,146.0,1140.0,106.94263,39.057373046875
2005-03-12 18:00:00,156.0,1208.0,119.62146,36.3785400390625
2005-03-12 19:00:00,152.0,1224.0,121.21462,30.785377502441406
2005-03-12 20:00:00,201.0,1415.0,145.70357,55.29643249511719
2005-03-12 21:00:00,221.0,1350.0,141.30144,79.69856262207031
2005-03-12 22:00:00,157.0,1130.0,114.53943,42.4605712890625
2005-03-12 23:00:00,114.0,1070.0,93.36383,20.63616943359375
2005-03-13 00:00:00,107.0,1044.0,78.64538,28.35462188720703
2005-03-13 01:00:00,113.0,1071.0,78.059616,34.94038391113281
2005-03-13 02:00:00,118.0,1069.0,74.2083,43.79170227050781
2005-03-13 03:00:00,69.0,991.0,62.849606,6.150394439697266
2005-03-13 04:00:00,63.0,1006.0,65.515945,2.5159454345703125
2005-03-13 05:00:00,61.0,1004.0,58.94173,2.058269500732422
2005-03-13 06:00:00,42.0,908.0,44.27599,2.275989532470703
2005-03-13 07:00:00,68.0,985.0,62.135075,5.864925384521484
2005-03-13 08:00:00,120.0,1018.0,71.541885,48.45811462402344
2005-03-13 09:00:00,112.0,1060.0,78.11272,33.88728332519531
2005-03-13 10:00:00,148.0,1134.0,116.48888,31.511123657226562
2005-03-13 11:00:00,160.0,1238.0,132.19298,27.807022094726562
2005-03-13 12:00:00,164.0,1368.0,141.77332,22.2266845703125
2005-03-13 13:00:00,159.0,1345.0,131.31728,27.682723999023438
2005-03-13 14:00:00,110.0,1103.0,75.801285,34.19871520996094
2005-03-13 15:00:00,82.0,1109.0,72.28501,9.714988708496094
2005-03-13 16:00:00,102.0,1158.0,88.53293,13.467071533203125
2005-03-13 17:00:00,119.0,1157.0,102.97105,16.028953552246094
2005-03-13 18:00:00,135.0,1234.0,119.91646,15.083541870117188
2005-03-13 19:00:00,215.0,1520.0,151.14215,63.85784912109375
2005-03-13 20:00:00,211.0,1397.0,152.7544,58.24560546875
2005-03-13 21:00:00,172.0,1204.0,124.32322,47.676780700683594
2005-03-13 22:00:00,166.0,1245.0,128.92436,37.07563781738281
2005-03-13 23:00:00,168.0,1217.0,120.00748,47.992523193359375
2005-03-14 00:00:00,134.0,1085.0,96.90462,37.09538269042969
2005-03-14 01:00:00,122.0,1178.0,96.218994,25.781005859375
2005-03-14 02:00:00,123.0,1187.0,97.07374,25.92626190185547
2005-03-14 03:00:00,104.0,1122.0,89.364395,14.635604858398438
2005-03-14 04:00:00,90.0,1084.0,85.2191,4.7808990478515625
2005-03-14 05:00:00,85.0,1090.0,84.262405,0.7375946044921875
2005-03-14 06:00:00,103.0,1139.0,99.65535,3.3446502685546875
2005-03-14 07:00:00,127.0,1257.0,104.54086,22.459136962890625
2005-03-14 08:00:00,163.0,1543.0,116.38549,46.61450958251953
2005-03-14 09:00:00,155.0,1763.0,141.2018,13.798202514648438
2005-03-14 10:00:00,170.0,1349.0,133.38287,36.61712646484375
2005-03-14 11:00:00,141.0,1157.0,118.68146,22.31854248046875
2005-03-14 12:00:00,123.0,1182.0,114.175575,8.824424743652344
2005-03-14 13:00:00,124.0,1197.0,111.00095,12.999046325683594
2005-03-14 14:00:00,126.0,1249.0,111.02012,14.979881286621094
2005-03-14 15:00:00,128.0,1222.0,110.242714,17.757286071777344
2005-03-14 16:00:00,158.0,1308.0,130.21545,27.7845458984375
2005-03-14 17:00:00,177.0,1441.0,129.63777,47.36222839355469
2005-03-14 18:00:00,225.0,1799.0,179.44162,45.558380126953125
2005-03-14 19:00:00,234.0,1937.0,193.52681,40.47319030761719
2005-03-14 20:00:00,227.0,1904.0,186.29807,40.701934814453125
2005-03-14 21:00:00,192.0,1490.0,141.98615,50.01385498046875
2005-03-14 22:00:00,158.0,1291.0,122.47946,35.520538330078125
2005-03-14 23:00:00,149.0,1280.0,115.28204,33.71795654296875
2005-03-15 00:00:00,140.0,1175.0,103.230415,36.76958465576172
2005-03-15 01:00:00,79.0,1054.0,70.39059,8.609413146972656
2005-03-15 02:00:00,69.0,1062.0,64.29625,4.7037506103515625
2005-03-15 03:00:00,72.0,1063.0,68.44828,3.5517196655273438
2005-03-15 04:00:00,58.0,1005.0,54.88194,3.118061065673828
2005-03-15 05:00:00,59.0,1002.0,59.35636,0.35636138916015625
2005-03-15 06:00:00,88.0,1068.0,79.340866,8.659133911132812
2005-03-15 07:00:00,110.0,1102.0,87.88342,22.1165771484375
2005-03-15 08:00:00,151.0,1459.0,130.9341,20.065902709960938
2005-03-15 09:00:00,158.0,1655.0,139.26454,18.735458374023438
2005-03-15 10:00:00,194.0,1514.0,158.92363,35.07637023925781
2005-03-15 11:00:00,181.0,1401.0,144.86673,36.133270263671875
2005-03-15 12:00:00,161.0,1297.0,125.852844,35.14715576171875
2005-03-15 13:00:00,143.0,1264.0,116.61521,26.384788513183594
2005-03-15 14:00:00,142.0,1234.0,125.01183,16.98816680908203
2005-03-15 15:00:00,146.0,1262.0,127.31797,18.682029724121094
2005-03-15 16:00:00,166.0,1292.0,134.92238,31.077621459960938
2005-03-15 17:00:00,172.0,1363.0,145.08873,26.911270141601562
2005-03-15 18:00:00,196.0,1611.0,162.5751,33.424896240234375
2005-03-15 19:00:00,243.0,1890.0,180.9877,62.012298583984375
2005-03-15 20:00:00,248.0,2028.0,197.33195,50.66804504394531
2005-03-15 21:00:00,233.0,1615.0,185.25061,47.7493896484375
2005-03-15 22:00:00,174.0,1227.0,129.08751,44.91249084472656
2005-03-15 23:00:00,149.0,1156.0,110.1448,38.855201721191406
2005-03-16 00:00:00,134.0,1144.0,105.746185,28.253814697265625
2005-03-16 01:00:00,123.0,1087.0,99.96367,23.036331176757812
2005-03-16 02:00:00,111.0,1054.0,90.1659,20.83409881591797
2005-03-16 03:00:00,93.0,1021.0,75.91141,17.088592529296875
2005-03-16 04:00:00,97.0,1026.0,72.4347,24.56529998779297
2005-03-16 05:00:00,86.0,1008.0,70.57385,15.4261474609375
2005-03-16 06:00:00,99.0,1060.0,83.07887,15.921127319335938
2005-03-16 07:00:00,99.0,1054.0,85.51155,13.488449096679688
2005-03-16 08:00:00,129.0,1293.0,118.0914,10.908599853515625
2005-03-16 09:00:00,161.0,1809.0,156.47594,4.5240631103515625
2005-03-16 10:00:00,202.0,1477.0,174.79688,27.203125
2005-03-16 11:00:00,200.0,1376.0,149.98724,50.01275634765625
2005-03-16 12:00:00,194.0,1351.0,153.31482,40.6851806640625
2005-03-16 13:00:00,173.0,1249.0,141.76329,31.236709594726562
2005-03-16 14:00:00,169.0,1192.0,137.5675,31.4324951171875
2005-03-16 15:00:00,188.0,1353.0,146.56747,41.432525634765625
2005-03-16 16:00:00,211.0,1188.0,138.7135,72.2864990234375
2005-03-16 17:00:00,210.0,1350.0,150.8126,59.18739318847656
2005-03-16 18:00:00,193.0,1408.0,160.75261,32.24739074707031
2005-03-16 19:00:00,227.0,1682.0,192.03389,34.96611022949219
2005-03-16 20:00:00,223.0,1677.0,186.29634,36.70365905761719
2005-03-16 21:00:00,229.0,1676.0,176.65733,52.34266662597656
2005-03-16 22:00:00,194.0,1357.0,156.45802,37.54197692871094
2005-03-16 23:00:00,171.0,1283.0,143.83464,27.165359497070312
2005-03-17 00:00:00,147.0,1158.0,103.51577,43.484230041503906
2005-03-17 01:00:00,111.0,1087.0,105.24889,5.751106262207031
2005-03-17 02:00:00,104.0,1056.0,92.55074,11.449256896972656
2005-03-17 03:00:00,90.0,1017.0,72.553566,17.446434020996094
2005-03-17 04:00:00,81.0,1016.0,72.46258,8.537422180175781
2005-03-17 05:00:00,69.0,983.0,60.990074,8.009925842285156
2005-03-17 06:00:00,84.0,1020.0,75.15664,8.843360900878906
2005-03-17 07:00:00,123.0,1178.0,102.163605,20.836395263671875
2005-03-17 08:00:00,166.0,1647.0,145.89233,20.107666015625
2005-03-17 09:00:00,189.0,1808.0,152.06773,36.93226623535156
2005-03-17 10:00:00,217.0,1490.0,167.28008,49.71992492675781
2005-03-17 11:00:00,196.0,1296.0,153.68036,42.31964111328125
2005-03-17 12:00:00,189.0,1273.0,147.36618,41.633819580078125
2005-03-17 13:00:00,174.0,1255.0,132.91623,41.083770751953125
2005-03-17 14:00:00,161.0,1312.0,133.45567,27.544326782226562
2005-03-17 15:00:00,158.0,1271.0,135.75677,22.24322509765625
2005-03-17 16:00:00,161.0,1277.0,128.46315,32.53684997558594
2005-03-17 17:00:00,147.0,1158.0,132.2741,14.725906372070312
2005-03-17 18:00:00,165.0,1353.0,141.3856,23.614395141601562
2005-03-17 19:00:00,214.0,1518.0,155.83133,58.168670654296875
2005-03-17 20:00:00,228.0,1690.0,179.93037,48.06962585449219
2005-03-17 21:00:00,240.0,1504.0,172.65277,67.34722900390625
2005-03-17 22:00:00,188.0,1224.0,128.92003,59.07997131347656
2005-03-17 23:00:00,173.0,1185.0,130.56294,42.43705749511719
2005-03-18 00:00:00,150.0,1123.0,108.53365,41.466346740722656
2005-03-18 01:00:00,134.0,1093.0,110.20543,23.794570922851562
2005-03-18 02:00:00,132.0,1099.0,99.57107,32.428932189941406
2005-03-18 03:00:00,117.0,1048.0,83.48863,33.51136779785156
2005-03-18 04:00:00,103.0,1033.0,78.07072,24.929283142089844
2005-03-18 05:00:00,99.0,1002.0,74.467,24.532997131347656
2005-03-18 06:00:00,106.0,1038.0,82.59276,23.407241821289062
2005-03-18 07:00:00,113.0,1110.0,98.93745,14.062553405761719
2005-03-18 08:00:00,141.0,1467.0,140.03096,0.9690399169921875
2005-03-18 09:00:00,180.0,1822.0,159.17003,20.829971313476562
2005-03-18 10:00:00,192.0,1542.0,165.39388,26.606124877929688
2005-03-18 11:00:00,187.0,1405.0,153.4999,33.50010681152344
2005-03-18 12:00:00,169.0,1262.0,141.83089,27.169113159179688
2005-03-18 13:00:00,161.0,1336.0,146.39516,14.604843139648438
2005-03-18 14:00:00,160.0,1208.0,125.7428,34.2572021484375
2005-03-18 15:00:00,177.0,1323.0,134.36043,42.63957214355469
2005-03-18 16:00:00,219.0,1343.0,136.98412,82.01588439941406
2005-03-18 17:00:00,212.0,1366.0,146.02443,65.97557067871094
2005-03-18 18:00:00,225.0,1495.0,163.28659,61.713409423828125
2005-03-18 19:00:00,240.0,1702.0,182.58717,57.41282653808594
2005-03-18 20:00:00,223.0,1743.0,191.15117,31.848831176757812
2005-03-18 21:00:00,241.0,1562.0,172.4023,68.59770202636719
2005-03-18 22:00:00,159.0,1255.0,125.88452,33.115478515625
2005-03-18 23:00:00,150.0,1274.0,122.89009,27.109909057617188
2005-03-19 00:00:00,163.0,1245.0,110.070816,52.92918395996094
2005-03-19 01:00:00,155.0,1253.0,108.544075,46.45592498779297
2005-03-19 02:00:00,119.0,1099.0,81.649734,37.35026550292969
2005-03-19 03:00:00,94.0,1109.0,69.82388,24.176116943359375
2005-03-19 04:00:00,80.0,1089.0,65.87742,14.122581481933594
2005-03-19 05:00:00,83.0,1098.0,64.13809,18.861907958984375
2005-03-19 06:00:00,79.0,1079.0,57.33553,21.664470672607422
2005-03-19 07:00:00,96.0,1159.0,80.94928,15.05072021484375
2005-03-19 08:00:00,141.0,1439.0,113.03179,27.96820831298828
2005-03-19 09:00:00,153.0,1452.0,121.05252,31.947479248046875
2005-03-19 10:00:00,156.0,1403.0,124.76153,31.23847198486328
2005-03-19 11:00:00,162.0,1378.0,133.04285,28.9571533203125
2005-03-19 12:00:00,164.0,1327.0,127.64987,36.350128173828125
2005-03-19 13:00:00,160.0,1308.0,123.31698,36.683021545410156
2005-03-19 14:00:00,140.0,1214.0,110.12123,29.878768920898438
2005-03-19 15:00:00,119.0,1169.0,92.33463,26.665367126464844
2005-03-19 16:00:00,153.0,1293.0,125.355644,27.64435577392578
2005-03-19 17:00:00,139.0,1191.0,105.157425,33.84257507324219
2005-03-19 18:00:00,156.0,1289.0,123.9186,32.081398010253906
2005-03-19 19:00:00,183.0,1483.0,145.37007,37.62992858886719
2005-03-19 20:00:00,185.0,1550.0,148.47353,36.52647399902344
2005-03-19 21:00:00,200.0,1402.0,137.59662,62.40338134765625
2005-03-19 22:00:00,163.0,1306.0,128.05588,34.944122314453125
2005-03-19 23:00:00,154.0,1336.0,120.60574,33.394256591796875
2005-03-20 00:00:00,151.0,1297.0,113.395355,37.604644775390625
2005-03-20 01:00:00,149.0,1243.0,101.82297,47.177032470703125
2005-03-20 02:00:00,131.0,1192.0,88.9078,42.092201232910156
2005-03-20 03:00:00,94.0,1149.0,69.87803,24.121971130371094
2005-03-20 04:00:00,66.0,1110.0,63.77396,2.2260398864746094
2005-03-20 05:00:00,69.0,1101.0,63.52152,5.478481292724609
2005-03-20 06:00:00,57.0,1063.0,52.910328,4.089672088623047
2005-03-20 07:00:00,78.0,1120.0,66.000534,11.999465942382812
2005-03-20 08:00:00,84.0,1095.0,65.58339,18.416610717773438
2005-03-20 09:00:00,97.0,1178.0,88.256584,8.743415832519531
2005-03-20 10:00:00,123.0,1262.0,113.82083,9.179168701171875
2005-03-20 11:00:00,166.0,1329.0,122.585754,43.41424560546875
2005-03-20 12:00:00,130.0,1135.0,80.74485,49.255149841308594
2005-03-20 13:00:00,109.0,1107.0,72.5734,36.426597595214844
2005-03-20 14:00:00,82.0,1033.0,66.62591,15.374092102050781
2005-03-20 15:00:00,73.0,1110.0,72.304756,0.6952438354492188
2005-03-20 16:00:00,91.0,1112.0,81.33611,9.663887023925781
2005-03-20 17:00:00,109.0,1184.0,98.65016,10.349838256835938
2005-03-20 18:00:00,128.0,1227.0,114.643425,13.356575012207031
2005-03-20 19:00:00,155.0,1428.0,133.9309,21.069107055664062
2005-03-20 20:00:00,176.0,1518.0,144.54742,31.45257568359375
2005-03-20 21:00:00,179.0,1436.0,139.30455,39.69544982910156
2005-03-20 22:00:00,124.0,1238.0,106.9468,17.053199768066406
2005-03-20 23:00:00,105.0,1217.0,107.684685,2.6846847534179688
2005-03-21 00:00:00,99.0,1221.0,100.8259,1.825897216796875
2005-03-21 01:00:00,104.0,1217.0,94.60162,9.39837646484375
2005-03-21 02:00:00,95.0,1160.0,79.73691,15.263092041015625
2005-03-21 03:00:00,81.0,1153.0,63.642326,17.35767364501953
2005-03-21 04:00:00,68.0,1118.0,61.796276,6.203723907470703
2005-03-21 05:00:00,69.0,1110.0,62.699356,6.3006439208984375
2005-03-21 06:00:00,73.0,1158.0,71.43624,1.5637588500976562
2005-03-21 07:00:00,113.0,1291.0,99.539345,13.460655212402344
2005-03-21 08:00:00,141.0,1673.0,111.66732,29.332679748535156
2005-03-21 09:00:00,174.0,2147.0,146.06676,27.933242797851562
2005-03-21 10:00:00,178.0,1576.0,132.93512,45.06488037109375
2005-03-21 11:00:00,163.0,1428.0,124.73957,38.26042938232422
2005-03-21 12:00:00,143.0,1347.0,118.972565,24.027435302734375
2005-03-21 13:00:00,127.0,1320.0,113.551346,13.448654174804688
2005-03-21 14:00:00,131.0,1424.0,119.42948,11.570518493652344
2005-03-21 15:00:00,135.0,1332.0,117.50349,17.49651336669922
2005-03-21 16:00:00,131.0,1362.0,119.73355,11.266448974609375
2005-03-21 17:00:00,153.0,1446.0,123.98617,29.013832092285156
2005-03-21 18:00:00,198.0,1831.0,151.64833,46.35166931152344
2005-03-21 19:00:00,232.0,1999.0,161.56065,70.43934631347656
2005-03-21 20:00:00,224.0,1855.0,154.14175,69.85824584960938
2005-03-21 21:00:00,183.0,1537.0,133.10126,49.89874267578125
2005-03-21 22:00:00,144.0,1331.0,114.530334,29.46966552734375
2005-03-21 23:00:00,117.0,1185.0,99.034035,17.965965270996094
2005-03-22 00:00:00,106.0,1221.0,101.04993,4.9500732421875
2005-03-22 01:00:00,121.0,1211.0,96.77936,24.22064208984375
2005-03-22 02:00:00,87.0,1107.0,73.0496,13.950401306152344
2005-03-22 03:00:00,62.0,1060.0,55.47783,6.5221710205078125
2005-03-22 04:00:00,70.0,1046.0,52.467113,17.532886505126953
2005-03-22 05:00:00,66.0,1064.0,58.370045,7.629955291748047
2005-03-22 06:00:00,88.0,1095.0,71.635254,16.36474609375
2005-03-22 07:00:00,93.0,1130.0,83.57176,9.428237915039062
2005-03-22 08:00:00,116.0,1488.0,108.67609,7.32391357421875
2005-03-22 09:00:00,151.0,1945.0,138.16977,12.830230712890625
2005-03-22 10:00:00,169.0,1640.0,144.46114,24.538864135742188
2005-03-22 11:00:00,166.0,1566.0,154.17513,11.824874877929688
2005-03-22 12:00:00,160.0,1564.0,134.06349,25.936508178710938
2005-03-22 13:00:00,145.0,1434.0,124.181854,20.818145751953125
2005-03-22 14:00:00,131.0,1446.0,126.06003,4.939971923828125
2005-03-22 15:00:00,130.0,1294.0,121.59942,8.400581359863281
2005-03-22 16:00:00,122.0,1236.0,118.47494,3.5250625610351562
2005-03-22 17:00:00,113.0,1233.0,110.23138,2.7686233520507812
2005-03-22 18:00:00,156.0,1655.0,157.85857,1.8585662841796875
2005-03-22 19:00:00,198.0,1698.0,162.08224,35.917755126953125
2005-03-22 20:00:00,175.0,1674.0,160.63417,14.365829467773438
2005-03-22 21:00:00,141.0,1384.0,122.89591,18.104087829589844
2005-03-22 22:00:00,101.0,1289.0,105.924995,4.924995422363281
2005-03-22 23:00:00,102.0,1283.0,104.65968,2.6596832275390625
2005-03-23 00:00:00,119.0,1285.0,102.66507,16.334930419921875
2005-03-23 01:00:00,110.0,1190.0,82.65577,27.34423065185547
2005-03-23 02:00:00,87.0,1184.0,83.64998,3.3500213623046875
2005-03-23 03:00:00,66.0,1158.0,59.304665,6.695335388183594
2005-03-23 04:00:00,65.0,1160.0,64.22935,0.7706527709960938
2005-03-23 05:00:00,63.0,1143.0,55.29212,7.707878112792969
2005-03-23 06:00:00,71.0,1223.0,76.01243,5.012428283691406
2005-03-23 07:00:00,103.0,1316.0,95.76472,7.235282897949219
2005-03-23 08:00:00,144.0,1895.0,110.057594,33.942405700683594
2005-03-23 09:00:00,158.0,1975.0,130.44078,27.559219360351562
2005-03-23 10:00:00,169.0,1726.0,151.70891,17.291091918945312
2005-03-23 11:00:00,184.0,1513.0,161.98044,22.019561767578125
2005-03-23 12:00:00,143.0,1285.0,123.96981,19.030189514160156
2005-03-23 13:00:00,133.0,1315.0,129.82095,3.179046630859375
2005-03-23 14:00:00,141.0,1291.0,133.38225,7.6177520751953125
2005-03-23 15:00:00,153.0,1268.0,135.70625,17.293746948242188
2005-03-23 16:00:00,149.0,1311.0,147.40942,1.590576171875
2005-03-23 17:00:00,159.0,1299.0,158.2844,0.715606689453125
2005-03-23 18:00:00,181.0,1636.0,186.9099,5.9098968505859375
2005-03-23 19:00:00,227.0,1909.0,194.71675,32.28324890136719
2005-03-23 20:00:00,230.0,1906.0,198.24454,31.755462646484375
2005-03-23 21:00:00,194.0,1500.0,174.29747,19.702529907226562
2005-03-23 22:00:00,172.0,1332.0,142.3564,29.643600463867188
2005-03-23 23:00:00,158.0,1380.0,152.13039,5.8696136474609375
2005-03-24 00:00:00,144.0,1277.0,115.04432,28.95568084716797
2005-03-24 01:00:00,133.0,1256.0,111.48137,21.518630981445312
2005-03-24 02:00:00,109.0,1099.0,95.72577,13.27423095703125
2005-03-24 03:00:00,94.0,1082.0,87.06812,6.931877136230469
2005-03-24 04:00:00,73.0,1043.0,75.351234,2.3512344360351562
2005-03-24 05:00:00,76.0,1045.0,76.751755,0.7517547607421875
2005-03-24 06:00:00,74.0,1043.0,76.20848,2.2084808349609375
2005-03-24 07:00:00,73.0,1128.0,94.48999,21.489990234375
2005-03-24 08:00:00,107.0,1653.0,115.26492,8.264923095703125
2005-03-24 09:00:00,115.0,1523.0,140.83925,25.839248657226562
2005-03-24 10:00:00,132.0,1572.0,154.78464,22.784637451171875
2005-03-24 11:00:00,155.0,1476.0,167.34462,12.344619750976562
2005-03-24 12:00:00,140.0,1687.0,150.52011,10.520111083984375
2005-03-24 13:00:00,147.0,1677.0,147.65956,0.6595611572265625
2005-03-24 14:00:00,161.0,1525.0,153.58426,7.415740966796875
2005-03-24 15:00:00,123.0,1387.0,133.64764,10.64764404296875
2005-03-24 16:00:00,142.0,1401.0,129.19655,12.803451538085938
2005-03-24 17:00:00,143.0,1383.0,129.18517,13.814834594726562
2005-03-24 18:00:00,153.0,1500.0,137.09341,15.906585693359375
2005-03-24 19:00:00,200.0,2021.0,167.12369,32.876312255859375
2005-03-24 20:00:00,232.0,2143.0,173.42929,58.570709228515625
2005-03-24 21:00:00,201.0,1818.0,158.39664,42.603363037109375
2005-03-24 22:00:00,175.0,1648.0,144.36206,30.637939453125
2005-03-24 23:00:00,159.0,1462.0,136.94653,22.053466796875
2005-03-25 00:00:00,135.0,1428.0,104.83109,30.168907165527344
2005-03-25 01:00:00,128.0,1344.0,91.85114,36.14885711669922
2005-03-25 02:00:00,109.0,1263.0,86.3111,22.68890380859375
2005-03-25 03:00:00,101.0,1279.0,78.73521,22.264793395996094
2005-03-25 04:00:00,96.0,1300.0,79.13036,16.86963653564453
2005-03-25 05:00:00,87.0,1255.0,78.30327,8.696731567382812
2005-03-25 06:00:00,81.0,1190.0,65.50396,15.496040344238281
2005-03-25 07:00:00,100.0,1321.0,84.88484,15.115158081054688
2005-03-25 08:00:00,146.0,1750.0,113.08176,32.918243408203125
2005-03-25 09:00:00,158.0,1941.0,137.04257,20.957427978515625
2005-03-25 10:00:00,136.0,1494.0,116.24921,19.75079345703125
2005-03-25 11:00:00,117.0,1420.0,110.70239,6.297607421875
2005-03-25 12:00:00,140.0,1578.0,121.51388,18.486122131347656
2005-03-25 13:00:00,169.0,1686.0,124.091774,44.908226013183594
2005-03-25 14:00:00,163.0,1647.0,123.783394,39.21660614013672
2005-03-25 15:00:00,144.0,1601.0,122.85238,21.147621154785156
2005-03-25 16:00:00,153.0,1706.0,123.49622,29.50377655029297
2005-03-25 17:00:00,164.0,1702.0,124.48055,39.519447326660156
2005-03-25 18:00:00,174.0,1908.0,145.31447,28.685531616210938
2005-03-25 19:00:00,196.0,2008.0,149.09671,46.903289794921875
2005-03-25 20:00:00,189.0,1891.0,140.34227,48.65773010253906
2005-03-25 21:00:00,155.0,1685.0,128.70566,26.294342041015625
2005-03-25 22:00:00,137.0,1596.0,119.21611,17.783889770507812
2005-03-25 23:00:00,117.0,1458.0,107.06076,9.939239501953125
2005-03-26 00:00:00,128.0,1534.0,104.63895,23.361053466796875
2005-03-26 01:00:00,124.0,1488.0,97.54687,26.45313262939453
2005-03-26 02:00:00,108.0,1361.0,85.46395,22.536048889160156
2005-03-26 03:00:00,89.0,1360.0,78.76845,10.231552124023438
2005-03-26 04:00:00,92.0,1336.0,79.86599,12.134010314941406
2005-03-26 05:00:00,84.0,1309.0,80.58026,3.41973876953125
2005-03-26 06:00:00,83.0,1293.0,87.206474,4.206474304199219
2005-03-26 07:00:00,80.0,1325.0,83.35864,3.358642578125
2005-03-26 08:00:00,93.0,1458.0,94.372345,1.372344970703125
2005-03-26 09:00:00,106.0,1522.0,103.97213,2.0278701782226562
2005-03-26 10:00:00,115.0,1490.0,113.44336,1.556640625
2005-03-26 11:00:00,124.0,1443.0,114.224434,9.775566101074219
2005-03-26 12:00:00,113.0,1406.0,104.46391,8.536087036132812
2005-03-26 13:00:00,104.0,1361.0,102.89208,1.1079177856445312
2005-03-26 14:00:00,85.0,1264.0,90.00599,5.005989074707031
2005-03-26 15:00:00,94.0,1374.0,106.13049,12.1304931640625
2005-03-26 16:00:00,99.0,1382.0,111.11795,12.117950439453125
2005-03-26 17:00:00,112.0,1463.0,109.62193,2.3780670166015625
2005-03-26 18:00:00,122.0,1456.0,108.97575,13.024246215820312
2005-03-26 19:00:00,119.0,1486.0,107.502884,11.497116088867188
2005-03-26 20:00:00,119.0,1387.0,110.65067,8.349327087402344
2005-03-26 21:00:00,127.0,1449.0,109.66186,17.33814239501953
2005-03-26 22:00:00,126.0,1465.0,105.151886,20.848114013671875
2005-03-26 23:00:00,111.0,1362.0,100.40845,10.591552734375
2005-03-27 00:00:00,102.0,1338.0,95.17003,6.8299713134765625
2005-03-27 01:00:00,93.0,1275.0,89.86916,3.1308364868164062
2005-03-27 02:00:00,78.0,1241.0,72.70784,5.2921600341796875
2005-03-27 03:00:00,74.0,1267.0,70.73584,3.26416015625
2005-03-27 04:00:00,68.0,1260.0,66.440155,1.559844970703125
2005-03-27 05:00:00,68.0,1212.0,60.138527,7.861473083496094
2005-03-27 06:00:00,61.0,1211.0,60.67139,0.3286094665527344
2005-03-27 07:00:00,76.0,1297.0,80.73034,4.730339050292969
2005-03-27 08:00:00,78.0,1289.0,86.334724,8.334724426269531
2005-03-27 09:00:00,79.0,1344.0,98.401245,19.4012451171875
2005-03-27 10:00:00,90.0,1369.0,105.011765,15.011764526367188
2005-03-27 11:00:00,89.0,1335.0,100.50634,11.506340026855469
2005-03-27 12:00:00,97.0,1338.0,101.034966,4.034965515136719
2005-03-27 13:00:00,91.0,1286.0,86.542145,4.457855224609375
2005-03-27 14:00:00,62.0,1238.0,60.65818,1.3418197631835938
2005-03-27 15:00:00,66.0,1240.0,58.31891,7.68109130859375
2005-03-27 16:00:00,104.0,1256.0,73.33441,30.66558837890625
2005-03-27 17:00:00,126.0,1341.0,94.64027,31.35973358154297
2005-03-27 18:00:00,122.0,1324.0,99.95711,22.042892456054688
2005-03-27 19:00:00,121.0,1367.0,109.034645,11.965354919433594
2005-03-27 20:00:00,126.0,1393.0,110.28996,15.710037231445312
2005-03-27 21:00:00,115.0,1376.0,108.040474,6.959526062011719
2005-03-27 22:00:00,116.0,1368.0,99.89672,16.10327911376953
2005-03-27 23:00:00,120.0,1356.0,97.699776,22.30022430419922
2005-03-28 00:00:00,111.0,1309.0,86.83673,24.16326904296875
2005-03-28 01:00:00,101.0,1256.0,71.57692,29.423080444335938
2005-03-28 02:00:00,92.0,1247.0,66.18051,25.819488525390625
2005-03-28 03:00:00,78.0,1235.0,61.480854,16.519145965576172
2005-03-28 04:00:00,63.0,1212.0,56.611633,6.38836669921875
2005-03-28 05:00:00,63.0,1195.0,52.755905,10.244094848632812
2005-03-28 06:00:00,63.0,1201.0,54.261898,8.738101959228516
2005-03-28 07:00:00,84.0,1260.0,70.86445,13.135551452636719
2005-03-28 08:00:00,89.0,1257.0,88.77774,0.222259521484375
2005-03-28 09:00:00,101.0,1308.0,93.40099,7.599006652832031
2005-03-28 10:00:00,115.0,1331.0,103.452225,11.547775268554688
2005-03-28 11:00:00,111.0,1305.0,100.43153,10.568466186523438
2005-03-28 12:00:00,96.0,1266.0,87.27933,8.720672607421875
2005-03-28 13:00:00,87.0,1223.0,77.48799,9.512008666992188
2005-03-28 14:00:00,81.0,1289.0,84.205086,3.2050857543945312
2005-03-28 15:00:00,85.0,1216.0,82.83201,2.1679916381835938
2005-03-28 16:00:00,98.0,1203.0,80.36184,17.638160705566406
2005-03-28 17:00:00,109.0,1294.0,97.77311,11.226890563964844
2005-03-28 18:00:00,150.0,1399.0,109.39797,40.602027893066406
2005-03-28 19:00:00,175.0,1432.0,131.85007,43.149932861328125
2005-03-28 20:00:00,157.0,1369.0,118.42099,38.579010009765625
2005-03-28 21:00:00,130.0,1310.0,107.14482,22.855178833007812
2005-03-28 22:00:00,120.0,1310.0,99.03859,20.961410522460938
2005-03-28 23:00:00,114.0,1311.0,99.00876,14.991241455078125
2005-03-29 00:00:00,100.0,1269.0,95.28215,4.7178497314453125
2005-03-29 01:00:00,83.0,1181.0,71.57117,11.4288330078125
2005-03-29 02:00:00,72.0,1148.0,67.22497,4.775032043457031
2005-03-29 03:00:00,51.0,1087.0,39.76137,11.238628387451172
2005-03-29 04:00:00,46.0,1102.0,48.8375,2.8375015258789062
2005-03-29 05:00:00,58.0,1143.0,53.93861,4.061389923095703
2005-03-29 06:00:00,86.0,1245.0,88.76768,2.7676773071289062
2005-03-29 07:00:00,122.0,1632.0,97.51319,24.48680877685547
2005-03-29 08:00:00,140.0,2005.0,114.29516,25.70484161376953
2005-03-29 09:00:00,146.0,1709.0,116.18946,29.81053924560547
2005-03-29 10:00:00,152.0,1573.0,121.29944,30.7005615234375
2005-03-29 11:00:00,147.0,1425.0,106.007614,40.99238586425781
2005-03-29 12:00:00,134.0,1525.0,104.64947,29.35053253173828
2005-03-29 13:00:00,136.0,1519.0,104.742935,31.257064819335938
2005-03-29 14:00:00,142.0,1516.0,103.33466,38.66533660888672
2005-03-29 15:00:00,153.0,1550.0,105.4169,47.583099365234375
2005-03-29 16:00:00,153.0,1504.0,106.14165,46.85835266113281
2005-03-29 17:00:00,155.0,1671.0,121.55561,33.44438934326172
2005-03-29 18:00:00,181.0,1598.0,114.590225,66.40977478027344
2005-03-29 19:00:00,151.0,1541.0,105.4928,45.5072021484375
2005-03-29 20:00:00,159.0,1545.0,113.09231,45.907691955566406
2005-03-29 21:00:00,151.0,1376.0,116.55925,34.44075012207031
2005-03-29 22:00:00,127.0,1218.0,96.4531,30.546897888183594
2005-03-29 23:00:00,107.0,1237.0,97.227875,9.772125244140625
2005-03-30 00:00:00,101.0,1224.0,102.06098,1.0609817504882812
2005-03-30 01:00:00,80.0,1144.0,82.32183,2.3218307495117188
2005-03-30 02:00:00,68.0,1104.0,74.33382,6.3338165283203125
2005-03-30 03:00:00,61.0,1043.0,48.617073,12.382926940917969
2005-03-30 04:00:00,56.0,1073.0,52.96509,3.0349082946777344
2005-03-30 05:00:00,70.0,1109.0,66.41661,3.5833892822265625
2005-03-30 06:00:00,78.0,1164.0,77.01043,0.9895706176757812
2005-03-30 07:00:00,106.0,1457.0,109.16182,3.1618194580078125
2005-03-30 08:00:00,117.0,1533.0,108.90676,8.093238830566406
2005-03-30 09:00:00,144.0,1543.0,117.75591,26.24408721923828
2005-03-30 10:00:00,158.0,1458.0,122.55381,35.446189880371094
2005-03-30 11:00:00,137.0,1308.0,113.9468,23.053199768066406
2005-03-30 12:00:00,130.0,1350.0,116.97396,13.026039123535156
2005-03-30 13:00:00,125.0,1301.0,114.31901,10.680992126464844
2005-03-30 14:00:00,124.0,1292.0,113.345604,10.654396057128906
2005-03-30 15:00:00,125.0,1252.0,108.68423,16.315773010253906
2005-03-30 16:00:00,135.0,1303.0,118.39258,16.607421875
2005-03-30 17:00:00,179.0,1498.0,137.44838,41.55162048339844
2005-03-30 18:00:00,183.0,1585.0,140.31914,42.68086242675781
2005-03-30 19:00:00,193.0,1639.0,142.49623,50.50376892089844
2005-03-30 20:00:00,185.0,1536.0,141.29799,43.70201110839844
2005-03-30 21:00:00,147.0,1373.0,131.08928,15.910720825195312
2005-03-30 22:00:00,117.0,1282.0,103.70119,13.298812866210938
2005-03-30 23:00:00,112.0,1317.0,100.568085,11.431915283203125
2005-03-31 00:00:00,101.0,1245.0,89.85203,11.147972106933594
2005-03-31 01:00:00,93.0,1230.0,84.41156,8.58843994140625
2005-03-31 02:00:00,64.0,1169.0,70.633354,6.633354187011719
2005-03-31 03:00:00,61.0,1144.0,60.6694,0.3306007385253906
2005-03-31 04:00:00,54.0,1135.0,59.16237,5.1623687744140625
2005-03-31 05:00:00,64.0,1173.0,71.81441,7.8144073486328125
2005-03-31 06:00:00,80.0,1264.0,96.00459,16.004592895507812
2005-03-31 07:00:00,133.0,1860.0,107.280045,25.719955444335938
2005-03-31 08:00:00,170.0,1397.0,106.947876,63.0521240234375
2005-03-31 09:00:00,139.0,1212.0,107.04645,31.95355224609375
2005-03-31 10:00:00,124.0,1119.0,99.7028,24.297203063964844
2005-03-31 11:00:00,118.0,1088.0,86.13799,31.86200714111328
2005-03-31 12:00:00,108.0,1098.0,78.74713,29.25286865234375
2005-03-31 13:00:00,100.0,1094.0,75.42123,24.578773498535156
2005-03-31 14:00:00,91.0,1052.0,69.7075,21.292503356933594
2005-03-31 15:00:00,89.0,1075.0,73.21198,15.788017272949219
2005-03-31 16:00:00,102.0,1070.0,76.74966,25.250343322753906
2005-03-31 17:00:00,114.0,1206.0,96.74673,17.253273010253906
2005-03-31 18:00:00,124.0,1219.0,111.02475,12.975250244140625
2005-03-31 19:00:00,136.0,1287.0,117.22627,18.773727416992188
2005-03-31 20:00:00,118.0,1095.0,88.12229,29.877708435058594
2005-03-31 21:00:00,93.0,1012.0,76.47892,16.521080017089844
2005-03-31 22:00:00,72.0,992.0,67.79511,4.204887390136719
2005-03-31 23:00:00,69.0,1001.0,64.79577,4.204231262207031
2005-04-01 00:00:00,61.0,937.0,53.860596,7.139404296875
2005-04-01 01:00:00,50.0,885.0,49.455383,0.54461669921875
2005-04-01 02:00:00,35.0,882.0,46.438347,11.438346862792969
2005-04-01 03:00:00,29.0,895.0,37.707264,8.707263946533203
2005-04-01 04:00:00,41.0,898.0,36.711178,4.288822174072266
2005-04-01 05:00:00,66.0,944.0,43.476673,22.523326873779297
2005-04-01 06:00:00,89.0,979.0,64.94086,24.05914306640625
2005-04-01 07:00:00,150.0,1158.0,98.61908,51.38092041015625
2005-04-01 08:00:00,150.0,1130.0,109.3958,40.60420227050781
2005-04-01 09:00:00,127.0,1038.0,101.23284,25.76715850830078
2005-04-01 10:00:00,120.0,1011.0,101.96702,18.032981872558594
2005-04-01 11:00:00,123.0,981.0,90.75459,32.24540710449219
2005-04-01 12:00:00,115.0,957.0,93.71572,21.284278869628906
2005-04-01 13:00:00,122.0,966.0,99.246765,22.75323486328125
2005-04-01 14:00:00,111.0,911.0,88.84412,22.1558837890625
2005-04-01 15:00:00,119.0,916.0,93.91804,25.08196258544922
2005-04-01 16:00:00,137.0,955.0,99.14573,37.854270935058594
2005-04-01 17:00:00,147.0,959.0,111.33206,35.667938232421875
2005-04-01 18:00:00,154.0,951.0,121.699844,32.30015563964844
2005-04-01 19:00:00,160.0,1003.0,130.33861,29.661392211914062
2005-04-01 20:00:00,134.0,858.0,109.951866,24.048133850097656
2005-04-01 21:00:00,110.0,778.0,78.30407,31.69593048095703
2005-04-01 22:00:00,99.0,793.0,73.14698,25.85301971435547
2005-04-01 23:00:00,127.0,853.0,102.00537,24.99462890625
2005-04-02 00:00:00,174.0,951.0,118.97465,55.025352478027344
2005-04-02 01:00:00,127.0,791.0,81.42252,45.577476501464844
2005-04-02 02:00:00,81.0,768.0,47.8514,33.14860153198242
2005-04-02 03:00:00,70.0,777.0,43.858482,26.141517639160156
2005-04-02 04:00:00,49.0,742.0,39.725056,9.274944305419922
2005-04-02 05:00:00,44.0,805.0,40.419846,3.5801544189453125
2005-04-02 06:00:00,107.0,863.0,75.587685,31.412315368652344
2005-04-02 07:00:00,141.0,922.0,86.9197,54.080299377441406
2005-04-02 08:00:00,121.0,899.0,88.06123,32.93876647949219
2005-04-02 09:00:00,103.0,884.0,79.20946,23.790542602539062
2005-04-02 10:00:00,102.0,856.0,81.41006,20.589942932128906
2005-04-02 11:00:00,95.0,834.0,79.02586,15.974136352539062
2005-04-02 12:00:00,93.0,817.0,70.63595,22.364051818847656
2005-04-02 13:00:00,95.0,843.0,76.17846,18.82154083251953
2005-04-02 14:00:00,80.0,853.0,73.0841,6.915901184082031
2005-04-02 15:00:00,81.0,861.0,77.56394,3.4360580444335938
2005-04-02 16:00:00,106.0,873.0,82.1586,23.841400146484375
2005-04-02 17:00:00,113.0,928.0,88.417725,24.582275390625
2005-04-02 18:00:00,117.0,958.0,96.95831,20.04168701171875
2005-04-02 19:00:00,124.0,942.0,97.4894,26.510597229003906
2005-04-02 20:00:00,122.0,930.0,95.666954,26.333045959472656
2005-04-02 21:00:00,87.0,872.0,84.17244,2.8275604248046875
2005-04-02 22:00:00,79.0,881.0,83.40899,4.408988952636719
2005-04-02 23:00:00,93.0,894.0,77.856415,15.143585205078125
2005-04-03 00:00:00,102.0,898.0,87.320435,14.6795654296875
2005-04-03 01:00:00,86.0,929.0,95.20903,9.209030151367188
2005-04-03 02:00:00,77.0,931.0,86.6275,9.62750244140625
2005-04-03 03:00:00,88.0,948.0,83.32791,4.672088623046875
2005-04-03 04:00:00,64.0,914.0,66.170364,2.1703643798828125
2005-04-03 05:00:00,46.0,872.0,43.204292,2.7957077026367188
2005-04-03 06:00:00,55.0,901.0,56.184834,1.1848335266113281
2005-04-03 07:00:00,84.0,936.0,72.92706,11.07293701171875
2005-04-03 08:00:00,89.0,949.0,96.48258,7.482582092285156
2005-04-03 09:00:00,118.0,1004.0,109.30044,8.699562072753906
2005-04-03 10:00:00,113.0,931.0,91.9241,21.075897216796875
2005-04-03 11:00:00,115.0,1001.0,95.94729,19.052711486816406
2005-04-03 12:00:00,124.0,985.0,95.654106,28.34589385986328
2005-04-03 13:00:00,86.0,902.0,76.49329,9.506706237792969
2005-04-03 14:00:00,87.0,890.0,80.05568,6.9443206787109375
2005-04-03 15:00:00,100.0,896.0,86.48243,13.517570495605469
2005-04-03 16:00:00,132.0,898.0,95.86025,36.139747619628906
2005-04-03 17:00:00,156.0,891.0,101.61596,54.38404083251953
2005-04-03 18:00:00,138.0,981.0,98.505844,39.49415588378906
2005-04-03 19:00:00,181.0,1289.0,136.74733,44.25267028808594
2005-04-03 20:00:00,187.0,1200.0,139.26614,47.733856201171875
2005-04-03 21:00:00,158.0,1178.0,118.4939,39.506103515625
2005-04-03 22:00:00,153.0,1173.0,111.20885,41.79115295410156
2005-04-03 23:00:00,128.0,1147.0,120.04466,7.9553375244140625
2005-04-04 00:00:00,93.0,1073.0,91.08235,1.9176483154296875
2005-04-04 01:00:00,58.0,1002.0,69.08322,11.083221435546875
2005-04-04 02:00:00,55.0,1002.0,60.97858,5.978580474853516
2005-04-04 03:00:00,51.0,974.0,53.06907,2.0690689086914062
2005-04-04 04:00:00,43.0,958.0,47.204334,4.204334259033203
2005-04-04 05:00:00,53.0,987.0,53.634098,0.6340980529785156
2005-04-04 06:00:00,93.0,1129.0,83.99817,9.0018310546875
2005-04-04 07:00:00,155.0,1600.0,125.29243,29.70757293701172
2005-04-04 08:00:00,174.0,1777.0,143.31317,30.68682861328125
2005-04-04 09:00:00,187.0,1375.0,132.70488,54.29512023925781
2005-04-04 10:00:00,190.0,1374.0,155.52542,34.474578857421875
2005-04-04 11:00:00,179.0,1264.0,137.40001,41.59999084472656
2005-04-04 12:00:00,175.0,1241.0,135.16129,39.838714599609375
2005-04-04 13:00:00,156.0,1041.0,133.09598,22.904022216796875
2005-04-04 14:00:00,168.0,1129.0,144.17581,23.824188232421875
